clip,lang,direction,clip_seconds,cold,pipeline_ms,asr_ms,nmt_ms,tts_ms,server_ms,source,tts_engine,audio_bytes,tts_error,cer,wer,reference,recognized
bench/clips/public/sat/indicvoices-sat_00081_72e01d81_c30a_4a62_827b_9f5e2016c27e_0_c.wav,sat,sat-to-hi,4.51,True,3964.2,2384.0,743.0,706.0,3832.0,model,piper,78892,,0.3,0.667,ᱦᱩᱸ ᱚᱠᱚᱭ ᱰᱚᱠᱴᱚᱨ ᱵᱟᱵᱩᱢ ᱢᱮᱱ ᱫᱟᱥᱮ,ᱚᱠᱚᱭ ᱰᱟᱠᱴᱚᱨ ᱵᱟᱵᱩᱢ ᱢᱮᱱᱫᱟ ᱪᱮᱫ
bench/clips/public/sat/indicvoices-sat_00114_72e01d81_c30a_4a62_827b_9f5e2016c27e_0_c.wav,sat,sat-to-hi,5.39,False,3252.4,2378.0,350.0,510.0,3238.0,model,piper,52780,,0.217,0.6,ᱟᱨ ᱪᱮᱫᱞᱮᱠᱟ ᱤᱭᱟᱹ ᱦᱮᱸ ᱦᱮᱸ,ᱟᱨ ᱪᱮᱫ ᱞᱮᱠᱟ ᱤᱭᱟᱹ ᱦᱮᱸ
bench/clips/public/sat/indicvoices-sat_00157_4785074604103857_chunk_7.wav,sat,sat-to-hi,9.38,False,2699.1,1423.0,968.0,295.0,2686.0,model,piper,246316,,0.059,0.267,ᱟᱨ ᱚᱯᱷᱞᱟᱭᱤᱱ ᱨᱮᱱᱟᱜ ᱯᱷᱮᱰᱟᱛ ᱫᱚ ᱦᱩᱭᱩᱜ ᱠᱟᱱᱟ ᱰᱨᱚᱭᱤᱝ ᱠᱟᱛᱷᱟ ᱨᱮ ᱞᱮᱰ ᱯᱮᱱᱥᱤᱞ ᱛᱮᱢ ᱟᱸᱠᱟᱣ ᱫᱟᱲᱮᱭᱟᱜᱼᱟ,ᱟᱨ ᱚᱯᱷ ᱞᱟᱭᱤᱱ ᱨᱮᱱᱟᱜ ᱯᱷᱮᱰᱟᱛ ᱫᱚ ᱦᱩᱭᱩᱜ ᱠᱟᱱᱟ ᱰᱨᱤᱝ ᱠᱷᱟᱛᱟ ᱨᱮ ᱞᱮᱰ ᱯᱮᱱᱥᱤᱞ ᱛᱮᱢ ᱟᱸᱠᱟᱣ ᱫᱟᱲᱮᱭᱟᱜᱼᱟ
bench/clips/public/sat/indicvoices-sat_00182_bd8a4a34_0cbc_4d85_9386_970036ae57f0_0_c.wav,sat,sat-to-hi,7.74,False,2677.1,1357.0,987.0,319.0,2663.0,model,piper,264236,,0.351,0.696,ᱩᱱᱠᱩ ᱫᱚ ᱵᱟᱞᱤᱧ ᱞᱟᱹᱭᱟᱠᱚᱣᱟ ᱩᱱᱠᱩ ᱪᱮᱫ ᱠᱚ ᱠᱟᱹᱢᱤ ᱮᱫᱟ ᱮᱱᱛᱮᱨᱮᱦᱚᱸ ᱢᱮᱱ ᱢᱮᱱᱛᱮ ᱨᱮᱦᱚᱸ ᱦᱟᱱᱮ ᱫᱟᱜ ᱛᱮᱛᱟᱝ ᱤᱧ ᱠᱟᱱᱟ ᱚᱠᱚᱭ ᱢᱮᱱᱮᱫᱼᱟ ᱦᱟᱯᱮ ᱵᱟᱦᱨᱮᱧ ᱵᱩᱡᱷᱟᱹᱣᱮᱫᱼᱟ,ᱩᱱᱠᱩ ᱫᱚ ᱵᱟᱞᱤᱧ ᱞᱟᱹᱭ ᱟᱠᱚᱣᱟ ᱱᱩᱠᱩ ᱪᱮᱫ ᱠᱚ ᱠᱟᱹᱢᱤᱭᱮᱫᱼᱟ ᱟᱹᱞᱤᱧ ᱦᱚᱨᱚᱜ ᱟᱠᱟᱫ ᱠᱚᱣᱟ ᱮᱱᱛᱮ ᱨᱮᱦᱚᱸ ᱢᱮᱱ ᱢᱮᱱᱛᱮ ᱨᱮᱦᱚᱸ ᱦᱟᱱᱮ ᱫᱟᱜ ᱛᱮᱛᱟᱹᱧ ᱠᱟᱱᱟ ᱚᱠᱚᱭ ᱢᱮᱱᱟ ᱵᱮᱵᱚᱦᱟᱨᱤᱧ ᱵᱩᱡᱷᱟᱹᱣᱮᱫᱼᱟ ᱩᱱᱠᱩ
bench/clips/public/sat/indicvoices-sat_00214_4785074604186682_chunk_3.wav,sat,sat-to-hi,3.1,False,1739.5,581.0,547.0,601.0,1728.0,model,piper,105004,,0.061,0.4,ᱯᱟᱸᱪ ᱥᱮᱯᱴᱮᱢᱵᱚᱨ ᱟᱨ ᱯᱚᱸᱪᱤᱥ ᱫᱤᱥᱮᱢᱵᱚᱨ,ᱯᱟᱸᱪ ᱥᱤᱯᱴᱮᱢᱵᱚᱨ ᱟᱨ ᱯᱚᱸᱪᱤᱥ ᱰᱤᱥᱮᱢᱵᱚᱨ
bench/clips/public/sat/indicvoices-sat_00216_4785074604131738_chunk_1.wav,sat,sat-to-hi,3.91,False,1450.6,824.0,194.0,420.0,1438.0,model,piper,20012,,0.0,0.0,ᱥᱩᱱ,ᱥᱩᱱ
bench/clips/public/sat/indicvoices-sat_00245_f649fd5b_fdf4_41a4_806b_9b9cbb5c811e_0_c.wav,sat,sat-to-hi,3.12,False,2386.3,1223.0,808.0,341.0,2371.0,model,piper,112684,,0.0,0.0,ᱢᱤᱫᱴᱮᱱ ᱦᱩᱲᱩ ᱤᱛᱟᱹ ᱤᱧ ᱴᱷᱮᱱ ᱛᱟᱦᱮᱸ ᱠᱟᱱᱟ,ᱢᱤᱫᱴᱮᱱ ᱦᱩᱲᱩ ᱤᱛᱟᱹ ᱤᱧ ᱴᱷᱮᱱ ᱛᱟᱦᱮᱸ ᱠᱟᱱᱟ
bench/clips/public/sat/indicvoices-sat_00283_01f6e12c_046e_4388_aa66_dfcc39721621_1_c.wav,sat,sat-to-hi,9.77,False,2438.2,1266.0,890.0,266.0,2422.0,model,piper,220716,,0.08,0.1,ᱦᱚᱸ ᱦᱳᱭ ᱦᱳᱭ ᱟᱫᱚ ᱡᱟᱹᱯᱩᱫ ᱫᱤᱱ ᱫᱚ ᱚᱱᱟ ᱠᱚ ᱟᱨ ᱥᱟᱹᱨᱩ ᱠᱚ ᱵᱮᱸᱜᱟᱲ ᱠᱚ ᱵᱤᱞᱟᱹᱛᱤ ᱠᱚ ᱨᱟᱦᱮᱲ ᱠᱚ ᱜᱷᱟᱝᱨᱟ ᱠᱚ,ᱦᱳᱭ ᱦᱳᱭ ᱟᱫᱚ ᱡᱟᱹᱯᱩᱫ ᱫᱤᱱ ᱫᱚ ᱚᱱᱟ ᱠᱚ ᱟᱨ ᱥᱟᱹᱨᱩ ᱠᱚ ᱵᱮᱸᱜᱟᱲ ᱠᱚ ᱵᱤᱞᱟᱹᱛᱤ ᱠᱚ ᱨᱟᱦᱮᱲ ᱠᱚ ᱜᱷᱟᱸᱜᱽᱨᱟ ᱠᱚ
bench/clips/public/sat/indicvoices-sat_00294_01f6e12c_046e_4388_aa66_dfcc39721621_1_c.wav,sat,sat-to-hi,5.39,False,1961.9,813.0,911.0,223.0,1948.0,model,piper,107052,,0.277,0.9,ᱦᱮᱸ ᱦᱳᱭ ᱦᱚᱸ ᱦᱳᱭ ᱟᱯᱮ ᱥᱮᱫ ᱜᱩᱸᱫᱽᱞᱤ ᱯᱮ ᱪᱟᱥᱟᱥᱮ ᱵᱟᱝᱼᱟ,ᱦᱮᱸ ᱚ ᱟᱫᱚ ᱟᱯᱮᱥᱮᱫ ᱜᱩᱸᱫᱽᱞᱤᱯᱮ ᱪᱟᱥᱟ ᱥᱮ ᱵᱟᱝᱟ
bench/clips/public/sat/indicvoices-sat_00329_4785074604193056_chunk_9.wav,sat,sat-to-hi,8.81,False,2451.9,1305.0,832.0,302.0,2440.0,model,piper,193068,,0.037,0.062,ᱠᱩᱲᱤ ᱴᱟᱠᱟ ᱥᱚ ᱞᱮ ᱟᱹᱠᱷᱨᱤᱧᱮᱫ ᱠᱚᱣᱟ ᱩᱱᱠᱩ ᱠᱚ ᱱᱟᱱᱟ ᱨᱚᱠᱚᱢ ᱟᱹᱰᱤ ᱨᱚᱠᱚᱢ ᱞᱮ ᱟᱹᱠᱷᱨᱤᱧᱮᱫ ᱠᱚᱣᱟ ᱟᱨ,ᱠᱩᱲᱤ ᱴᱟᱠᱟ ᱥᱚ ᱞᱮ ᱟᱹᱠᱷᱨᱤᱧᱮᱫ ᱠᱚᱣᱟ ᱩᱱᱠᱩ ᱠᱚ ᱱᱟᱱᱟ ᱨᱚᱠᱚᱢ ᱟᱹᱰᱤ ᱨᱚᱠᱚᱢ ᱞᱮ ᱟᱹᱠᱷᱨᱤᱧᱮᱫ ᱠᱚᱣᱟ
bench/clips/public/sat/indicvoices-sat_00342_e2538259_5fe2_4b36_941c_a037d52e0d88_1_c.wav,sat,sat-to-hi,3.21,False,1922.2,881.0,331.0,697.0,1909.0,model,piper,120364,,0.4,0.333,ᱦᱮᱸ ᱦᱮᱸ ᱡᱚᱦᱟᱨ ᱜᱮ ᱡᱚᱦᱟᱨ ᱜᱮ,ᱦᱮᱸ ᱦᱮᱸ ᱡᱚᱦᱟᱨ ᱜᱮ ᱦᱮᱸ ᱡᱚᱦᱟᱨ ᱜᱮ ᱡᱚᱦᱟᱨ
bench/clips/public/sat/indicvoices-sat_00355_4785074604090091_chunk_1.wav,sat,sat-to-hi,8.1,False,2522.2,1176.0,991.0,341.0,2509.0,model,piper,294444,,0.115,0.357,ᱥᱟᱥᱛᱷᱚ ᱵᱟᱵᱚᱛ ᱛᱮ ᱵᱤᱨᱵᱷᱩᱢ ᱨᱮ ᱡᱮᱴᱟ ᱢᱟᱱᱮ ᱥᱚᱨᱠᱟᱨ ᱢᱟᱱᱮ ᱦᱟᱥᱯᱟᱛᱟᱞ ᱵᱟᱨᱦᱮ ᱪᱟᱞᱟᱣ ᱠᱟᱱᱛᱟᱦᱮᱸᱫᱼᱟ ᱠᱤᱱᱛᱩ,ᱥᱟᱥᱛᱷᱚ ᱵᱟᱵᱚᱫ ᱵᱚᱞᱛᱮ ᱵᱤᱨᱵᱷᱩᱢ ᱨᱮ ᱡᱮᱴᱟ ᱢᱟᱱᱮ ᱥᱚᱨᱠᱟᱨ ᱢᱟᱱᱮ ᱦᱟᱥᱯᱟᱛᱟᱞ ᱵᱟᱨᱦᱮ ᱪᱟᱞᱟᱣᱮᱫ ᱠᱟᱱ ᱛᱟᱦᱮᱱᱟ ᱠᱤᱱᱛᱩ
bench/clips/public/sat/indicvoices-sat_00364_4785074604090091_chunk_10.wav,sat,sat-to-hi,5.67,False,2429.4,974.0,1093.0,347.0,2415.0,model,piper,289836,,0.127,0.467,ᱟᱨ ᱡᱮᱴᱟ ᱧᱮᱞ ᱟᱠᱟᱫᱟ ᱢᱟᱱᱮ ᱠᱳᱵᱷᱤᱴ ᱱᱟᱭᱤᱱᱴᱤ ᱟᱹᱰᱤ ᱢᱚᱦᱟ ᱢᱟᱨᱤ ᱫᱩᱦᱟᱡᱟᱨ ᱩᱱᱱᱤᱥ ᱨᱮ ᱦᱳᱭ ᱟᱠᱟᱱᱟ,ᱟᱨ ᱡᱮᱴᱟᱧ ᱧᱮᱞ ᱟᱠᱟᱫᱟ ᱢᱟᱱᱮ ᱠᱳᱵᱷᱤᱰ ᱱᱟᱭᱤᱱᱴᱤ ᱡᱮᱴᱟ ᱟᱹᱰᱤ ᱢᱚᱦᱟᱢᱟᱨᱤ ᱫᱩᱦᱟᱡᱟᱨ ᱩᱱᱤᱥ ᱨᱮ ᱦᱩᱭ ᱟᱠᱟᱱᱟ
bench/clips/public/sat/indicvoices-sat_00369_4785074604185236_chunk_2.wav,sat,sat-to-hi,5.92,False,2011.0,936.0,787.0,273.0,1996.0,model,piper,81964,,0.0,0.0,ᱮᱠ ᱨᱮ ᱢᱤᱫ ᱜᱮᱞ ᱵᱟᱨ ᱯᱷᱟᱹᱜᱩᱱ ᱵᱚᱸᱜᱟ,ᱮᱠ ᱨᱮ ᱢᱤᱫ ᱜᱮᱞ ᱵᱟᱨ ᱯᱷᱟᱹᱜᱩᱱ ᱵᱚᱸᱜᱟ
bench/clips/public/sat/indicvoices-sat_00422_0f0fd12f_8795_4165_8427_1bd3f325c51c_1_c.wav,sat,sat-to-hi,6.36,False,2252.0,1074.0,857.0,308.0,2238.0,model,piper,177708,,0.065,0.182,ᱟᱪᱪᱷᱟ ᱛᱟᱦᱚᱞᱮ ᱟᱞᱤᱧ ᱮᱸ ᱮᱢᱵᱩᱞᱮᱱᱥ ᱥᱟᱶᱛᱮ ᱢᱤᱫᱴᱮᱱ ᱜᱟᱱ ᱱᱟᱨᱥ ᱞᱤᱧ ᱠᱩᱞᱮᱭᱟ,ᱟᱪᱪᱷᱟ ᱛᱟᱦᱚᱞᱮ ᱟᱞᱤᱧ ᱮᱢᱵᱩᱞᱮᱱᱥ ᱥᱟᱶᱛᱮ ᱢᱤᱫᱴᱟᱱ ᱜᱟᱱ ᱱᱟᱨᱥ ᱞᱤᱧ ᱠᱩᱞᱮᱭᱟ
bench/clips/public/sat/indicvoices-sat_00457_b163fdd0_38b1_4b54_8a8b_4741a10c3bf0_1_c.wav,sat,sat-to-hi,6.96,False,2159.5,1091.0,772.0,281.0,2145.0,model,piper,114732,,0.049,0.1,ᱟᱢ ᱚ ᱥᱩᱞᱮᱠᱷᱟ ᱪᱮᱫ ᱞᱟᱹᱭ ᱢᱮ ᱪᱮᱫ ᱠᱚ ᱠᱷᱚᱵᱚᱨ ᱠᱚ,ᱟᱢ ᱚ ᱥᱮᱠᱷᱟ ᱪᱮᱫ ᱞᱟᱹᱭ ᱢᱮ ᱪᱮᱫ ᱠᱚ ᱠᱷᱚᱵᱚᱨ ᱠᱚ
bench/clips/public/sat/indicvoices-sat_00466_b163fdd0_38b1_4b54_8a8b_4741a10c3bf0_1_c.wav,sat,sat-to-hi,7.58,False,2171.2,1044.0,870.0,242.0,2156.0,model,piper,149548,,0.102,0.308,ᱟᱞᱮ ᱦᱚᱸ ᱵᱟᱦᱟ ᱢᱮᱱᱟᱜ ᱵᱟᱦᱟ ᱦᱚᱸ ᱵᱮᱥ ᱜᱮ ᱥᱚᱨᱦᱟᱭ ᱠᱚᱦᱚᱸ ᱤᱭᱟᱹ ᱠᱚ ᱟᱨᱚ,ᱟᱞᱮ ᱦᱚᱸ ᱵᱟᱦᱟ ᱢᱮᱱᱟᱜᱼᱟ ᱵᱟᱦᱟ ᱦᱚᱸ ᱵᱟᱥᱜᱮ ᱥᱚᱦᱨᱟᱭ ᱠᱚᱦᱚᱸ ᱤᱭᱟᱹ ᱠᱚ ᱟᱨᱚ
bench/clips/public/sat/indicvoices-sat_00493_4785074604198170_chunk_1.wav,sat,sat-to-hi,8.88,False,2399.2,1186.0,910.0,289.0,2385.0,model,piper,234028,,0.18,0.778,ᱫᱟᱠᱟᱼᱩᱛᱩ ᱤᱥᱤᱱ ᱫᱚ ᱵᱮᱥᱜᱤᱧ ᱵᱟᱲᱟᱭᱟ ᱟᱨ ᱚᱱᱟᱫᱚ ᱤᱥᱤᱱ ᱠᱚᱦᱚᱸ,ᱫᱟᱠᱟ ᱩᱛᱩ ᱤᱥᱤᱱ ᱫᱚ ᱟᱹᱰᱤ ᱵᱮᱥᱜᱮᱧ ᱵᱟᱰᱟᱭᱟ ᱟᱨ ᱚᱱᱟ ᱫᱚ ᱤᱥᱤᱱ ᱠᱚᱦᱚᱸ
bench/clips/public/sat/indicvoices-sat_00517_96d0a2bd_d5b2_4035_9122_f9f69debea89_1_c.wav,sat,sat-to-hi,3.9,False,1868.5,805.0,666.0,384.0,1855.0,model,piper,75308,,0.034,0.333,ᱚᱻᱟᱪᱪᱷᱟ ᱴᱷᱤᱠ ᱜᱮᱭᱟ ᱟᱫᱚ ᱱᱚᱣᱟ ᱫᱚ,ᱚ ᱟᱪᱪᱷᱟ ᱴᱷᱤᱠ ᱜᱮᱭᱟ ᱟᱫᱚ ᱱᱚᱣᱟ ᱫᱚ
bench/clips/public/sat/indicvoices-sat_00548_4785074604167799_chunk_2.wav,sat,sat-to-hi,6.69,False,2354.4,1118.0,934.0,287.0,2340.0,model,piper,187436,,0.034,0.5,ᱢᱚᱱᱛᱨᱤᱠᱚ ᱱᱤᱭᱮ ᱪᱟᱞᱟᱜᱼᱟ ᱡᱟᱛᱮ ᱱᱤᱭᱟᱹ ᱢᱚᱱᱛᱨᱤᱫᱚᱠᱚ ᱜᱚᱱᱚᱱᱟᱭᱮᱫ ᱠᱚᱣᱟ,ᱢᱚᱱᱛᱨᱤ ᱠᱚ ᱱᱤᱭᱮ ᱪᱟᱞᱟᱜᱼᱟ ᱡᱟᱛᱮ ᱱᱤᱭᱟᱹ ᱢᱚᱱᱛᱨᱤ ᱫᱚᱠᱚ ᱜᱚᱱᱚᱱᱟᱭᱮᱫ ᱠᱚᱣᱟ
bench/clips/public/sat/indicvoices-sat_00551_4785074604167799_chunk_5.wav,sat,sat-to-hi,6.78,False,2281.2,1098.0,813.0,358.0,2268.0,model,piper,178732,,0.094,0.444,ᱟᱹᱫᱤᱵᱟᱹᱥᱤ ᱥᱚᱢᱟᱡᱽ ᱟᱨ ᱟᱹᱫᱤᱵᱟᱹᱥᱤ ᱨᱮᱭᱟᱜ ᱟᱭᱢᱟ ᱨᱚᱠᱚᱢ ᱩᱱᱱᱚᱭᱚᱱ ᱞᱟᱹᱜᱤᱫᱵᱚᱱ,ᱟᱹᱫᱤᱵᱟᱹᱥᱤ ᱥᱚᱢᱟᱡᱽ ᱟᱨ ᱟᱫᱤᱵᱟᱥᱤᱭᱟᱜ ᱟᱭᱢᱟ ᱨᱚᱠᱚᱢ ᱩᱱᱱᱚᱭᱚᱱ ᱞᱟᱹᱜᱤᱫ ᱵᱚᱱ
bench/clips/public/sat/indicvoices-sat_00596_d4d1fac4_314f_4c57_8766_9d23792c5b95_0_c.wav,sat,sat-to-hi,8.4,False,2378.6,1191.0,781.0,391.0,2364.0,model,piper,161836,,0.145,0.364,ᱠᱚᱦᱰᱟ ᱚᱱᱟ ᱱᱤᱛᱚᱜ ᱪᱟᱞᱟᱜ ᱠᱟᱱᱟ ᱠᱤᱞᱳ ᱦᱤᱥᱟᱹᱵ ᱠᱷᱟᱱ ᱪᱚᱞᱞᱤᱥ ᱨᱩᱯᱤᱭᱟ ᱠᱤᱞᱳ,ᱦᱮᱸ ᱠᱚᱦᱚᱸᱰᱟ ᱚᱱᱠᱟ ᱱᱤᱛᱚᱜ ᱪᱟᱞᱟᱜ ᱠᱟᱱᱟ ᱠᱤᱞᱳ ᱦᱤᱥᱟᱹᱵ ᱠᱷᱟᱱ ᱪᱟᱞᱤᱥ ᱨᱩᱯᱤᱭᱟ ᱠᱤᱞᱳ
bench/clips/public/sat/indicvoices-sat_00608_d4d1fac4_314f_4c57_8766_9d23792c5b95_0_c.wav,sat,sat-to-hi,6.02,False,2102.4,997.0,725.0,368.0,2090.0,model,piper,106028,,0.3,0.625,ᱦᱮᱸ ᱜᱟᱡᱚᱨ ᱫᱚ ᱥᱟᱱᱰᱮ ᱫᱤᱱ ᱠᱚᱨᱮᱜᱮ ᱴᱷᱤᱠᱼᱟ ᱦᱮᱸ,ᱵᱟᱡᱟᱨ ᱫᱚ ᱥᱟᱱᱰᱮ ᱫᱤᱱ ᱠᱚᱨᱮ ᱜᱮ ᱴᱷᱤᱠᱟ
bench/clips/public/sat/indicvoices-sat_00628_8ca68fda_37d3_4072_9e73_111d719ce420_1_c.wav,sat,sat-to-hi,3.94,False,1945.4,794.0,905.0,233.0,1933.0,model,piper,98348,,0.038,0.2,ᱢᱚᱥᱞᱟ ᱠᱚ ᱟᱛᱮᱫ ᱤᱥᱤᱱ ᱦᱩᱭᱩᱜᱼᱟ,ᱢᱚᱥᱞᱟ ᱠᱚ ᱟᱛᱮᱜ ᱤᱥᱤᱱ ᱦᱩᱭᱩᱜᱼᱟ
bench/clips/public/sat/indicvoices-sat_00640_8ca68fda_37d3_4072_9e73_111d719ce420_1_c.wav,sat,sat-to-hi,7.4,False,2614.5,1382.0,938.0,280.0,2601.0,model,piper,228908,,0.033,0.182,ᱦᱮᱸ ᱦᱟᱹᱠᱩ ᱫᱚ ᱯᱳᱭᱞᱳ ᱥᱟᱞᱟ ᱠᱚ ᱦᱩᱭᱩᱜᱼᱟ ᱛᱟᱨᱯᱚᱨ ᱟᱹᱨᱩᱵᱽ ᱥᱟᱯᱷᱟ ᱠᱟᱛᱮᱫ,ᱦᱮᱸ ᱦᱟᱹᱠᱩ ᱫᱚ ᱯᱳᱭᱞᱳ ᱥᱟᱞᱟ ᱠᱚ ᱦᱩᱭᱩᱜᱼᱟ ᱛᱟᱨᱯᱚᱨ ᱟᱹᱨᱩᱵ ᱥᱟᱯᱷᱟ ᱠᱟᱛᱮᱜ
bench/clips/public/sat/indicvoices-sat_00677_7194659a_f99d_44a4_94e0_2fa4cfb6b228_0_c.wav,sat,sat-to-hi,7.86,False,2645.4,1311.0,961.0,360.0,2632.0,model,piper,317484,,0.093,0.182,ᱦᱮᱸ ᱮᱱᱮᱡ ᱠᱚ ᱢᱳᱴᱟᱢᱩᱴᱤ ᱴᱷᱤᱠ ᱜᱮᱭᱟ ᱥᱟᱨ ᱱᱤᱛᱚᱜ ᱫᱚ ᱠᱚᱱᱴᱤᱱᱤᱭᱩ ᱟᱹᱞᱤᱧ ᱫᱚ ᱠᱚᱱᱴᱤᱱᱤᱭᱩ ᱠᱟᱜ ᱜᱮᱭᱟ ᱟᱹᱞᱤᱧᱟᱜ ᱮᱱᱮᱡ ᱠᱚᱫᱚ ᱱᱤᱛᱚᱜ ᱫᱚ ᱴᱷᱤᱠ ᱜᱮᱭᱟ,ᱦᱚᱸ ᱮᱱᱮᱡ ᱠᱚ ᱢᱳᱴᱟᱢᱩᱴᱤ ᱴᱷᱤᱠ ᱜᱮᱭᱟ ᱥᱟᱨ ᱱᱤᱛᱚᱜ ᱫᱚ ᱠᱚᱱᱴᱤᱱᱤᱭᱩ ᱜᱮᱭᱟ ᱟᱹᱞᱤᱧ ᱫᱚᱞᱤᱧ ᱠᱚᱱᱴᱤᱱᱤᱭᱩ ᱟᱠᱟᱫ ᱜᱮᱭᱟ ᱟᱹᱞᱤᱧᱟᱜ ᱮᱱᱮᱡ ᱠᱚᱫᱚ ᱱᱤᱛᱚᱜ ᱫᱚ ᱴᱷᱤᱠ ᱜᱮᱭᱟ
bench/clips/public/sat/indicvoices-sat_00757_2a4dcf73_a4e9_4fa9_9ddc_a5b65fdbde2e_0_c.wav,sat,sat-to-hi,7.63,False,2526.4,1213.0,964.0,334.0,2510.0,model,piper,274988,,0.096,0.125,ᱥᱮᱭᱟ ᱥᱮᱭᱟ ᱥᱚᱜ ᱠᱟᱱᱟ ᱟᱨ ᱛᱤᱡᱩ ᱠᱚ ᱢᱮᱱᱟᱜ ᱠᱚ ᱢᱮᱱᱟᱜ ᱠᱚᱣᱟ ᱟᱹᱰᱤ ᱠᱷᱟᱨᱟᱯ ᱫᱟᱜ ᱠᱟᱱ ᱠᱷᱟᱨᱟᱯ ᱜᱮᱛᱟᱭᱟ ᱩᱱᱤ ᱫᱚ ᱫᱟᱜ ᱫᱚ ᱟᱞᱚᱯᱮ ᱟᱹᱜᱩ ᱵᱟᱲᱟᱭᱟ,ᱥᱮᱭᱟ ᱥᱮᱭᱟ ᱥᱚᱜ ᱠᱟᱱᱟ ᱟᱨ ᱛᱤᱡᱩ ᱠᱚ ᱢᱮᱱᱟᱜ ᱠᱚᱣᱟ ᱟᱹᱰᱤ ᱠᱷᱟᱨᱟᱯ ᱫᱟᱜ ᱠᱟᱱ ᱠᱷᱟᱨᱟᱯ ᱜᱮᱛᱟᱭᱟ ᱩᱱᱤ ᱫᱚ ᱚᱲᱟᱜ ᱫᱚ ᱟᱞᱚᱯᱮ ᱟᱹᱜᱩ ᱵᱟᱲᱟᱭᱟ
bench/clips/public/sat/indicvoices-sat_00783_a7a1d9bc_a9fd_40b7_af97_33eb029ee991_0_c.wav,sat,sat-to-hi,8.02,False,2262.9,1261.0,545.0,419.0,2225.0,model,piper,84524,,0.056,0.286,ᱱᱤᱛᱚᱜ ᱫᱚ ᱦᱟᱞᱠᱟ ᱤᱱᱠᱟᱹ ᱵᱮᱥ ᱧᱚᱜ ᱠᱟᱱᱟᱞᱤᱧ,ᱱᱤᱛᱳᱜ ᱫᱚ ᱦᱟᱞᱠᱟ ᱤᱱᱠᱟᱹ ᱵᱮᱥ ᱧᱚᱜ ᱠᱟᱫᱟᱞᱤᱧ
bench/clips/public/sat/indicvoices-sat_00784_a7a1d9bc_a9fd_40b7_af97_33eb029ee991_0_c.wav,sat,sat-to-hi,9.52,False,2525.5,1232.0,811.0,467.0,2510.0,model,piper,177708,,0.094,0.5,ᱠᱟᱹᱢᱤᱭ ᱠᱟᱫ ᱜᱮᱭᱟᱭ ᱛᱟᱦᱚᱞᱮ ᱤᱱᱠᱟᱹ ᱱᱤᱛᱮᱜ ᱴᱷᱤᱠ ᱫᱷᱟᱨᱟ ᱜᱮᱞᱤᱧ ᱵᱩᱡᱷᱟᱹᱣᱮᱜᱼᱟ,ᱠᱟᱹᱢᱤᱭᱟᱠᱟᱫ ᱜᱮᱭᱟᱭ ᱯᱟᱞᱮ ᱤᱱᱠᱟᱹ ᱱᱤᱛᱳᱜ ᱴᱷᱤᱠ ᱫᱷᱟᱨᱟ ᱜᱮᱞᱤᱧ ᱵᱩᱡᱷᱟᱹᱣᱮᱫᱼᱟ
bench/clips/public/sat/indicvoices-sat_00824_4785074604159481_chunk_13.wav,sat,sat-to-hi,3.72,False,1590.5,718.0,585.0,274.0,1578.0,model,piper,43564,,0.2,0.5,ᱜᱤᱞᱟᱹᱥ ᱠᱟᱯ,ᱜᱤᱞᱟᱹᱥᱠᱟ ᱠᱟᱯ
bench/clips/public/sat/indicvoices-sat_00829_4785074604121122_chunk_1.wav,sat,sat-to-hi,7.57,False,2699.7,1463.0,903.0,320.0,2686.0,model,piper,208428,,0.042,0.333,ᱫᱩ ᱦᱟᱡᱟᱨ ᱮᱢ ᱮᱞ ᱥᱟᱯᱷᱟᱞ ᱯᱷᱤᱞᱴᱟᱨ ᱜᱨᱟᱣᱩᱱᱰᱱᱟᱴ ᱚᱭᱮᱞ ᱫᱟᱢ ᱠᱤ ᱱᱚ ᱥᱚ ᱴᱟᱠᱟ ᱠᱷᱚᱱ ᱠᱚᱢ,ᱫᱩ ᱦᱟᱡᱟᱨ ᱮᱢᱮᱞ ᱥᱟᱯᱷᱟᱞ ᱯᱷᱤᱞᱴᱟᱨ ᱜᱨᱟᱣᱩᱱᱰᱱᱟᱴ ᱳᱭᱮᱞ ᱫᱟᱢ ᱠᱤ ᱱᱚᱥᱚ ᱴᱟᱠᱟ ᱠᱷᱚᱱ ᱠᱚᱢ
bench/clips/public/sat/indicvoices-sat_00852_4785074604153720_chunk_3.wav,sat,sat-to-hi,8.95,False,2363.7,1169.0,913.0,268.0,2350.0,model,piper,223276,,0.205,0.3,ᱵᱚᱞᱛᱮ ᱫᱚ ᱱᱚᱣᱟ ᱠᱚᱨᱮ ᱫᱚ ᱵᱟᱹᱱᱩᱜ ᱜᱮᱭᱟ ᱟᱨ ᱦᱟᱥᱯᱟᱛᱟᱞ ᱚᱱᱮᱠ ᱫᱩᱨ ᱜᱮᱛᱟ ᱞᱮᱭᱟ <unintelligible> ᱵᱷᱟᱹᱞᱤ ᱜᱮᱠᱚ ᱪᱤᱠᱤᱛᱥᱟᱼᱟ ᱵᱟᱝ ᱵᱚᱞᱛᱮ ᱵᱟᱝ,ᱵᱚᱞᱛᱮ ᱫᱚ ᱱᱚᱣᱟ ᱠᱚᱨᱮ ᱫᱚ ᱵᱟᱹᱱᱩᱜ ᱜᱮᱭᱟ ᱟᱨ ᱦᱟᱥᱯᱟᱛᱟᱞ ᱚᱱᱮᱠ ᱫᱩᱨ ᱜᱮᱛᱟᱞᱮᱭᱟ ᱛᱚᱵᱮ ᱪᱟᱞᱟᱜ ᱦᱩᱭᱩᱜᱼᱟ ᱵᱷᱟᱹᱞᱤ ᱜᱮᱠᱚ ᱪᱤᱠᱤᱛᱥᱟ ᱵᱟᱝ ᱢᱮᱱᱛᱮ ᱵᱟᱝ
bench/clips/public/sat/indicvoices-sat_00956_a50d3388_ec44_47c5_a3e7_dca11d5d74cc_1_c.wav,sat,sat-to-hi,5.9,False,2100.1,948.0,750.0,390.0,2088.0,model,piper,117292,,0.25,0.667,ᱯᱷᱩᱴᱵᱚᱞ ᱠᱷᱮᱞ ᱵᱷᱚᱞᱤᱵᱚᱱ ᱯᱷᱩᱴᱵᱚᱞ ᱠᱤᱨᱠᱮᱴ ᱵᱚᱞ,ᱯᱷᱩᱴᱵᱚᱞ ᱠᱷᱮᱞ ᱵᱷᱚᱞᱤᱵᱚᱞ ᱴᱮᱱᱤᱥ ᱵᱚᱞ ᱠᱨᱤᱠᱮᱹᱴ ᱵᱚᱞ
bench/clips/public/sat/indicvoices-sat_00958_a50d3388_ec44_47c5_a3e7_dca11d5d74cc_1_c.wav,sat,sat-to-hi,5.74,False,2101.7,996.0,808.0,283.0,2088.0,model,piper,125484,,0.026,0.333,ᱟᱢᱟᱜ ᱚᱠᱟᱴᱟᱜᱨᱮ ᱵᱮᱥᱤ ᱤᱱᱴᱟᱨᱮᱥᱴ ᱢᱮᱱᱟᱜ ᱛᱟᱢᱟ,ᱟᱢᱟᱜ ᱚᱠᱟᱴᱟᱜ ᱨᱮ ᱵᱮᱥᱤ ᱤᱱᱴᱟᱨᱮᱥᱴ ᱢᱮᱱᱟᱜ ᱛᱟᱢᱟ
bench/clips/public/sat/indicvoices-sat_00996_453a1e30_77b2_40b8_a212_a5860aaaac4c_0_c.wav,sat,sat-to-hi,3.09,False,2028.6,708.0,813.0,495.0,2016.0,model,piper,143916,,0.029,0.143,ᱜᱩᱨᱤᱡ ᱠᱷᱚᱫ ᱠᱚᱫᱚ ᱚᱱᱠᱟ ᱦᱳᱭ ᱠᱤᱨᱤᱧ ᱥᱟᱨ,ᱜᱩᱨᱤᱡ ᱠᱷᱚᱛ ᱠᱚᱫᱚ ᱚᱱᱠᱟ ᱦᱳᱭ ᱠᱤᱨᱤᱧ ᱥᱟᱨ
bench/clips/public/sat/indicvoices-sat_01039_4785074604160605_chunk_1.wav,sat,sat-to-hi,4.66,False,2041.1,892.0,763.0,373.0,2028.0,model,piper,121900,,0.114,0.167,ᱟᱞᱮ ᱴᱚᱴᱷᱟ ᱨᱮᱫᱚ ᱯᱷᱩᱴᱵᱚᱞ ᱠᱷᱮᱞᱳᱰ ᱛᱟᱞᱢᱟ,ᱟᱞᱮ ᱴᱚᱴᱷᱟ ᱨᱮᱫᱚ ᱯᱷᱩᱴᱵᱚᱞ ᱠᱷᱤᱞᱟᱹᱰᱤ ᱛᱟᱞᱢᱟ
bench/clips/public/sat/indicvoices-sat_01047_4785074604160605_chunk_9.wav,sat,sat-to-hi,3.54,False,1942.5,723.0,921.0,285.0,1929.0,model,piper,131628,,0.0,0.0,ᱫᱟᱜ ᱠᱚᱞᱮ ᱧᱩᱭᱟ ᱠᱟᱭᱨᱟ ᱠᱚᱞᱮ ᱡᱚᱢᱟ,ᱫᱟᱜ ᱠᱚᱞᱮ ᱧᱩᱭᱟ ᱠᱟᱭᱨᱟ ᱠᱚᱞᱮ ᱡᱚᱢᱟ
bench/clips/public/sat/indicvoices-sat_01052_4785074604147242_chunk_2.wav,sat,sat-to-hi,9.37,False,2600.5,1347.0,935.0,303.0,2586.0,model,piper,206380,,0.183,0.5,ᱮᱥᱴᱳᱨ ᱠᱟᱱᱟ ᱤᱧᱫᱚ ᱯᱷᱩᱥᱲᱢᱟᱹᱵᱟᱹᱫ ᱠᱷᱚᱱᱤᱧ ᱢᱮᱱᱫᱟ ᱡᱮ ᱢᱤᱫ ᱯᱞᱮᱴ ᱮᱜᱽᱨᱳᱞ,ᱥᱴᱚᱞ ᱠᱟᱱᱟ ᱤᱧ ᱫᱚ ᱯᱷᱟᱹᱥᱲᱟᱵᱟᱫᱽ ᱠᱷᱚᱱᱤᱧ ᱢᱮᱱᱮᱫᱟ ᱡᱮ ᱢᱤᱫ ᱯᱞᱮᱴ ᱮᱜᱽᱨᱳᱞ
bench/clips/public/sat/indicvoices-sat_01073_8f848842_0973_45f6_8e2f_a8ad178ae31f_0_c.wav,sat,sat-to-hi,6.29,False,2384.6,966.0,1037.0,368.0,2371.0,model,piper,291372,,0.171,0.385,ᱟᱵᱚᱣᱟᱜ ᱚᱞ ᱪᱤᱠᱤ ᱵᱷᱟᱥᱟ ᱛᱮᱦᱚᱸ ᱥᱟᱱᱛᱟᱲᱤ ᱵᱷᱟᱥᱟ ᱛᱮᱦᱚᱸ ᱯᱟᱲᱦᱟᱲᱦᱟᱣ ᱫᱚ ᱮᱛᱚᱦᱚᱵ ᱠᱟᱱᱟ ᱱᱚᱰᱮ,ᱟᱨ ᱟᱵᱚᱣᱟᱜ ᱚᱞ ᱪᱤᱠᱤ ᱵᱷᱟᱥᱟ ᱛᱮᱦᱚᱸ ᱢᱟᱱᱮ ᱥᱟᱱᱛᱟᱞᱤ ᱵᱷᱟᱥᱟ ᱛᱮᱦᱚᱸ ᱯᱟᱲᱦᱟᱣ ᱫᱚ ᱮᱛᱚᱦᱚᱵ ᱟᱠᱟᱱᱟ ᱱᱚᱰᱮ
bench/clips/public/sat/indicvoices-sat_01094_d10d69bc_f3b1_426f_b449_102c57f50818_1_c.wav,sat,sat-to-hi,3.81,False,1963.0,767.0,942.0,241.0,1950.0,model,piper,118828,,0.654,0.556,<unintelligible> ᱟᱫᱚ ᱚᱱᱟ ᱤᱭᱟᱹ ᱠᱚ ᱯᱷᱚᱨᱚᱢ ᱠᱚ ᱦᱟᱴᱤᱧ ᱧᱚᱜ,ᱟᱫᱚ ᱚᱱᱟ ᱥᱚᱵᱡᱤ ᱠᱚ ᱯᱷᱚᱞᱚᱱ ᱠᱚ ᱵᱤᱥᱤ ᱦᱩᱭᱩᱜᱼᱟ
bench/clips/public/sat/indicvoices-sat_01125_8ef41cd6_84da_43d1_84c4_825e803c4016_0_c.wav,sat,sat-to-hi,5.06,False,2143.9,878.0,1003.0,250.0,2131.0,model,piper,183340,,0.093,0.182,ᱟᱨ ᱚᱱᱟ ᱥᱟᱶ ᱟᱹᱞᱩ ᱥᱤᱯᱤ ᱛᱟᱸᱦᱮᱱ ᱠᱟᱱᱟ ᱢᱟᱱᱮ ᱟᱹᱞᱩ ᱞᱮ ᱥᱤᱯᱤᱭᱮᱫᱟ,ᱟᱨ ᱚᱱᱟ ᱥᱟᱶ ᱚᱱᱟ ᱟᱹᱞᱩ ᱥᱤᱯᱤ ᱛᱟᱦᱮᱱ ᱠᱟᱱᱟ ᱢᱟᱱᱮ ᱟᱹᱞᱩ ᱞᱮ ᱥᱤᱯᱤᱭᱮᱫᱟ
bench/clips/public/sat/indicvoices-sat_01174_4785074604114086_chunk_20.wav,sat,sat-to-hi,5.44,False,2009.3,849.0,765.0,380.0,1994.0,model,piper,95276,,0.0,0.0,ᱢᱚᱱᱮ ᱠᱚᱭ ᱜᱚᱦᱚᱲ ᱛᱟᱠᱚ ᱢᱟ,ᱢᱚᱱᱮ ᱠᱚᱭ ᱜᱚᱦᱚᱲ ᱛᱟᱠᱚ ᱢᱟ
bench/clips/public/sat/indicvoices-sat_01182_4785074604088389_chunk_7.wav,sat,sat-to-hi,6.2,False,2249.8,1094.0,826.0,316.0,2237.0,model,piper,161836,,0.119,0.154,ᱟᱨ ᱠᱤᱪᱷᱩ ᱪᱟᱥᱵᱟᱥ ᱦᱚᱸ ᱱᱚᱣᱟ ᱩᱯᱚᱨ ᱯᱩᱨᱵᱚ ᱱᱟᱠᱷᱟ ᱫᱚ ᱠᱷᱩᱵ ᱵᱷᱟᱹᱜᱤ ᱦᱩᱭᱩᱜ ᱠᱟᱱᱟ,ᱟᱨ ᱠᱤᱪᱷᱩ ᱪᱟᱥᱵᱟᱥ ᱦᱚᱸ ᱱᱚᱣᱟ ᱯᱩᱨᱵᱚ ᱱᱟᱠᱷᱟ ᱫᱚ ᱠᱷᱩᱵ ᱵᱷᱟᱹᱜᱤ ᱜᱮ ᱦᱩᱭᱩᱜ ᱠᱟᱱᱟ
bench/clips/public/sat/indicvoices-sat_01184_4785074604088389_chunk_9.wav,sat,sat-to-hi,8.98,False,2472.3,1215.0,920.0,325.0,2460.0,model,piper,266796,,0.112,0.235,ᱚᱱᱰᱮ ᱠᱷᱚᱱ ᱦᱮᱸᱫᱮ ᱯᱟᱛᱷᱚᱨ ᱠᱚ ᱨᱟᱠᱟᱵᱽ ᱮᱫᱟ ᱡᱟᱦᱟᱸ ᱯᱟᱛᱷᱚᱨ ᱫᱚ ᱟᱵᱚᱣᱟᱜ ᱵᱤᱵᱷᱤᱱᱱᱚ ᱵᱤᱞᱰᱤᱝ ᱠᱚᱨᱮᱜ ᱠᱟᱹᱢᱤ ᱞᱟᱜᱟᱜ ᱠᱟᱱᱟ,ᱚᱱᱰᱮ ᱠᱷᱚᱱ ᱚᱱᱮ ᱦᱮᱸᱫᱮ ᱯᱟᱛᱷᱚᱨ ᱠᱚ ᱨᱟᱠᱟᱵ ᱮᱫᱟ ᱡᱟᱦᱟᱸ ᱯᱟᱛᱷᱚᱨ ᱫᱚ ᱟᱵᱚᱣᱟᱜ ᱱᱚᱣᱟ ᱵᱤᱵᱷᱤᱱᱱᱚ ᱵᱤᱞᱰᱤᱝ ᱠᱚᱨᱮ ᱠᱟᱹᱢᱤ ᱞᱟᱜᱟᱜ ᱠᱟᱱᱟ
bench/clips/public/sat/indicvoices-sat_01204_4785074604091911_chunk_6.wav,sat,sat-to-hi,4.68,False,1987.4,905.0,749.0,320.0,1974.0,model,piper,113708,,0.045,0.375,ᱥᱟᱵ ᱠᱟᱛᱮᱫ ᱜᱮ ᱠᱷᱟᱹᱨᱟᱹᱭ ᱠᱚᱨᱮᱞᱮ ᱵᱷᱚᱨᱟᱣ ᱠᱮᱫ ᱠᱚᱜᱮ,ᱥᱟᱵ ᱠᱟᱛᱮᱫ ᱜᱮ ᱠᱷᱟᱹᱞᱟᱹᱭ ᱠᱚᱨᱮ ᱞᱮ ᱵᱷᱚᱨᱟᱣ ᱠᱮᱫ ᱠᱚᱜᱮ
bench/clips/public/sat/indicvoices-sat_01212_4785074604091598_chunk_4.wav,sat,sat-to-hi,4.16,False,1780.9,758.0,558.0,451.0,1767.0,model,piper,76332,,0.036,0.4,ᱤᱭᱟᱹ ᱟᱨᱡᱟᱣ ᱫᱟᱠᱚ ᱟᱭᱢᱟᱼᱟᱭᱢᱟ ᱠᱚ,ᱤᱭᱟᱹ ᱟᱨᱡᱟᱣ ᱫᱟᱠᱚ ᱟᱭᱢᱟ ᱟᱭᱢᱟ ᱠᱚ
bench/clips/public/sat/indicvoices-sat_01300_21e59412_721c_4270_b6df_3d6cd10b9687_0_c.wav,sat,sat-to-hi,5.73,False,2280.6,1036.0,776.0,455.0,2267.0,model,piper,128556,,0.339,0.615,ᱦᱮᱸ ᱚᱻ ᱛᱟᱞᱦᱮ ᱟᱞᱮ ᱡᱮᱦᱮᱛᱩ ᱱᱚᱰᱮ ᱤᱧ ᱮᱥᱠᱟᱨ ᱫᱚ ᱵᱟᱝ ᱟ ᱜᱚᱴᱟ ᱴᱚᱞᱟ,ᱦᱮᱸ ᱛᱟᱦᱚᱞᱮ ᱟᱞᱮ ᱡᱮᱦᱮᱛᱩ ᱱᱚᱸᱰᱮ ᱢᱤᱥᱠᱟᱴᱟᱝ ᱜᱚᱴᱟ ᱴᱚᱞᱟ
bench/clips/public/sat/indicvoices-sat_01339_4785074604091525_chunk_5.wav,sat,sat-to-hi,3.33,False,1944.0,659.0,881.0,389.0,1929.0,model,piper,123436,,0.106,0.333,ᱟᱫᱚ ᱥᱟᱱᱛᱟᱲ ᱠᱚᱫᱚ ᱛᱤᱥ ᱦᱚᱸ ᱢᱩᱨᱛᱤ ᱯᱩᱡᱟᱹ ᱫᱚ ᱵᱟᱹᱱᱩᱜᱼᱟ,ᱟᱫᱚ ᱥᱟᱱᱛᱟᱲ ᱠᱚᱣᱟᱜ ᱫᱚ ᱛᱤᱥᱦᱚᱸ ᱢᱩᱨᱛᱤ ᱯᱩᱡᱟᱹ ᱫᱚ ᱵᱟᱹᱱᱩᱜᱼᱟ
bench/clips/public/sat/indicvoices-sat_01350_4785074604091525_chunk_16.wav,sat,sat-to-hi,7.17,False,2334.6,1110.0,905.0,307.0,2321.0,model,piper,255020,,0.126,0.435,ᱚᱱᱟ ᱞᱮᱠᱷᱟ ᱡᱚᱠᱷᱟᱨᱮᱠᱚ ᱥᱩᱨᱩᱜᱼᱟ ᱟᱨᱠᱚ ᱯᱩᱡᱟᱹ ᱟᱸᱜᱟᱭᱟ ᱱᱤᱭᱚᱢ ᱠᱟᱹᱱᱩᱱ ᱨᱮ ᱟᱹᱰᱤ ᱢᱚᱸᱡᱽ ᱢᱮᱱᱟᱜ ᱛᱟᱠᱚᱭᱟ ᱟᱨ ᱫᱤᱠᱩ ᱠᱚ ᱢᱮᱱ ᱮᱫᱟ ᱟᱵᱚ ᱦᱚᱵᱚ ᱯᱩᱡᱟᱹ ᱟᱸᱜᱟᱜᱼᱟ,ᱚᱱᱟ ᱞᱮᱠᱷᱟ ᱡᱚᱠᱷᱟ ᱠᱚ ᱥᱩᱨᱩᱜᱼᱟ ᱟᱨ ᱠᱚ ᱯᱩᱡᱟᱹ ᱟᱜᱟᱜ ᱱᱤᱭᱚᱢ ᱠᱟᱱᱟ ᱟᱹᱰᱤ ᱢᱚᱸᱡᱽ ᱢᱮᱱᱟᱜ ᱛᱟᱠᱚᱣᱟ ᱟᱨ ᱫᱤᱠᱩ ᱠᱚ ᱢᱮᱱ ᱮᱫᱟ ᱟᱵᱚ ᱦᱚᱸᱵᱚᱱ ᱯᱩᱡᱟᱹ ᱟᱜᱟᱜᱼᱟ
bench/clips/public/sat/indicvoices-sat_01407_4785074604091543_chunk_6.wav,sat,sat-to-hi,6.69,False,2159.7,1020.0,852.0,274.0,2147.0,model,piper,153644,,0.0,0.0,ᱜᱟᱰᱟ ᱫᱚ ᱢᱟᱭᱟᱢ ᱛᱮ ᱟᱹᱛᱩ ᱞᱮᱱᱟ ᱩᱱᱨᱮ ᱤᱝᱨᱮᱡᱽ ᱥᱚᱨᱠᱟᱨᱮ ᱢᱮᱱ ᱠᱮᱫᱟ,ᱜᱟᱰᱟ ᱫᱚ ᱢᱟᱭᱟᱢ ᱛᱮ ᱟᱹᱛᱩ ᱞᱮᱱᱟ ᱩᱱᱨᱮ ᱤᱝᱨᱮᱡᱽ ᱥᱚᱨᱠᱟᱨᱮ ᱢᱮᱱ ᱠᱮᱫᱟ
bench/clips/public/sat/indicvoices-sat_01464_4785074604083843_chunk_27.wav,sat,sat-to-hi,6.45,False,2174.0,920.0,827.0,414.0,2162.0,model,piper,134188,,0.05,0.375,ᱤᱞ ᱛᱮ ᱢᱤᱫᱴᱮᱱ ᱚᱱᱟ ᱵᱟᱦᱟ ᱵᱮᱱᱟᱣ ᱠᱟᱛᱮᱫ ᱛᱟᱨᱯᱚᱨ,ᱤᱞᱛᱮ ᱢᱤᱫᱴᱮᱱ ᱚᱱᱟ ᱵᱟᱦᱟ ᱵᱮᱱᱟᱣ ᱠᱟᱛᱮᱜ ᱛᱟᱨᱯᱚᱨ
bench/clips/public/sat/indicvoices-sat_01467_4785074604083843_chunk_30.wav,sat,sat-to-hi,3.31,False,1876.6,651.0,658.0,556.0,1864.0,model,piper,77356,,0.059,0.25,ᱟᱫᱚ ᱱᱚᱶᱟ ᱡᱚᱫᱤ ᱟᱵᱚ,ᱟᱫᱚ ᱱᱚᱣᱟ ᱡᱚᱫᱤ ᱟᱵᱚ
bench/clips/public/sat/indicvoices-sat_01469_4785074604083843_chunk_32.wav,sat,sat-to-hi,6.56,False,2336.1,1078.0,975.0,271.0,2324.0,model,piper,186924,,0.03,0.154,ᱟᱵᱚ ᱫᱚ ᱟᱵᱚᱨᱮᱱ ᱜᱤᱫᱽᱨᱟᱹ ᱠᱚᱦᱚᱸ ᱱᱚᱶᱟ ᱠᱚ ᱪᱮᱫ ᱟᱠᱚ ᱦᱩᱭᱩᱜ ᱛᱟᱵᱚᱱᱟ ᱫᱟᱸᱥᱟᱭ ᱦᱚᱸ,ᱟᱵᱚ ᱫᱚ ᱟᱵᱚᱨᱮᱱ ᱜᱤᱫᱽᱨᱟᱹ ᱠᱚᱦᱚᱸ ᱱᱚᱣᱟ ᱠᱚ ᱪᱮᱫ ᱟᱠᱚ ᱦᱩᱭᱩᱜ ᱛᱟᱵᱳᱱᱟ ᱫᱟᱸᱥᱟᱭ ᱦᱚᱸ
bench/clips/public/sat/indicvoices-sat_01493_4785074604127015_chunk_1.wav,sat,sat-to-hi,8.13,False,2443.6,1114.0,907.0,408.0,2429.0,model,piper,333868,,0.061,0.2,ᱥᱩᱡᱟᱛᱟ ᱪᱚᱬᱮ ᱢᱳᱵᱟᱭᱤᱞ ᱤᱫᱤ ᱠᱟᱛᱮ ᱵᱷᱟᱹᱜᱮ ᱟᱨ ᱪᱮᱫ ᱞᱮᱠᱟ ᱵᱟᱹᱲᱤᱡ ᱤᱫᱤ ᱠᱟᱛᱮᱫ ᱞᱟᱹᱭ ᱟᱸᱡᱚᱢᱤᱧ ᱢᱮᱥᱮ,ᱥᱩᱡᱟᱛᱟ ᱪᱚᱬᱮ ᱢᱳᱵᱟᱭᱤᱞ ᱤᱫᱤ ᱠᱟᱛᱮ ᱵᱷᱟᱜᱮ ᱟᱨ ᱪᱮᱫ ᱞᱮᱠᱟ ᱵᱟᱹᱲᱤᱡ ᱤᱫᱤ ᱠᱟᱛᱮ ᱞᱟᱹᱭ ᱟᱡᱚᱢᱟᱹᱧ ᱢᱮᱥᱮ
bench/clips/public/sat/indicvoices-sat_01539_4785074604105149_chunk_3.wav,sat,sat-to-hi,6.59,False,2194.9,1002.0,941.0,241.0,2183.0,model,piper,174124,,0.014,0.077,ᱱᱚᱣᱟ ᱠᱷᱟᱹᱛᱤᱨ ᱛᱮᱜᱮ ᱤᱧᱟᱹᱜ ᱫᱚ ᱵᱷᱟᱨᱚᱛ ᱫᱤᱥᱚᱢ ᱨᱮ ᱱᱚᱣᱟ ᱵᱚᱱᱫᱽ ᱫᱚ ᱞᱟᱹᱠᱛᱤᱧ ᱢᱚᱱᱮᱭᱟ,ᱱᱚᱣᱟ ᱠᱷᱟᱹᱛᱤᱨ ᱛᱮᱜᱮ ᱤᱧᱟᱹᱜ ᱫᱚ ᱵᱷᱟᱨᱚᱛ ᱫᱤᱥᱚᱢ ᱨᱮ ᱱᱚᱣᱟ ᱵᱚᱱᱫᱷ ᱫᱚ ᱞᱟᱹᱠᱛᱤᱧ ᱢᱚᱱᱮᱭᱟ
bench/clips/public/sat/indicvoices-sat_01571_4785074604082902_chunk_4.wav,sat,sat-to-hi,6.74,False,2176.1,1053.0,698.0,411.0,2162.0,model,piper,117292,,0.018,0.083,ᱩᱛᱱᱟᱹᱜ ᱠᱟᱱ ᱠᱷᱚᱵᱚᱨ ᱠᱚ ᱧᱮᱞ ᱠᱟᱛᱮᱫ ᱵᱚᱱ ᱦᱩᱫᱤᱥ ᱧᱟᱢ ᱮᱫᱟ ᱟᱵᱚ ᱦᱚᱸ,ᱩᱛᱱᱟᱹᱜ ᱠᱟᱱ ᱠᱷᱚᱵᱚᱨ ᱠᱚ ᱧᱮᱞ ᱠᱟᱛᱮ ᱵᱚᱱ ᱦᱩᱫᱤᱥ ᱧᱟᱢ ᱮᱫᱟ ᱟᱵᱚ ᱦᱚᱸ
bench/clips/public/sat/indicvoices-sat_01640_4785074604230373_chunk_1.wav,sat,sat-to-hi,6.4,False,2608.8,993.0,1164.0,439.0,2596.0,model,piper,314412,,0.095,0.286,ᱫᱚᱠᱠᱷᱤᱱ ᱫᱤᱱᱟᱡᱽᱯᱩᱨ ᱨᱮ ᱡᱟᱦᱟᱸ ᱫᱚ ᱮᱴᱟᱜ ᱮᱴᱟᱜ ᱠᱷᱚᱱ ᱯᱟᱨᱠ ᱧᱮᱧᱮᱞ ᱠᱚ ᱦᱤᱡᱩᱜᱼᱟ ᱚᱱᱮ ᱡᱟᱦᱟᱸ ᱫᱚ ᱱᱚᱸᱰᱮ ᱫᱚ ᱠᱚᱭᱮᱠᱴᱤ ᱫᱤᱜᱷᱤ ᱧᱩᱛᱩᱢ ᱮᱢᱟᱱᱜᱼᱟ,ᱫᱚᱠᱠᱷᱤᱱ ᱫᱤᱱᱟᱡᱽᱯᱩᱨ ᱨᱮ ᱡᱟᱦᱟᱸ ᱫᱚ ᱮᱴᱟᱜᱼᱠᱮᱴᱟᱜ ᱠᱷᱚᱱ ᱯᱟᱨᱠ ᱧᱮᱧᱮᱞ ᱠᱚ ᱦᱤᱡᱩᱜ ᱟᱱᱮ ᱡᱟᱦᱟᱸ ᱫᱚ ᱱᱚᱸᱰᱮ ᱫᱚ ᱠᱚᱭᱮᱠᱴᱤ ᱫᱤᱜᱤ ᱧᱩᱛᱩᱢ ᱦᱮᱱᱟᱜᱼᱱᱮ
bench/clips/public/sat/indicvoices-sat_01795_4785074604186768_chunk_1.wav,sat,sat-to-hi,5.24,False,2108.8,832.0,886.0,376.0,2095.0,model,piper,169004,,0.067,0.2,ᱢᱤᱫ ᱯᱮᱠᱮᱴ ᱵᱟᱱᱥᱤᱵᱟᱞᱟ ᱯᱮᱛᱷᱟ ᱨᱚᱭᱮᱞ ᱢᱤᱠᱥ ᱱᱚᱣᱟ ᱨᱮᱭᱟᱜ ᱜᱚᱱᱚᱝ ᱛᱤᱱᱟᱹᱜ,ᱢᱤᱫ ᱯᱮᱠᱮᱴ ᱵᱟᱱᱥᱤᱵᱟᱞᱟ ᱯᱮᱛᱷᱟ ᱨᱮᱭᱟᱜ ᱢᱤᱠᱥ ᱱᱚᱣᱟ ᱨᱮᱭᱟᱜ ᱜᱚᱱᱚᱜ ᱛᱤᱱᱟᱹᱜ
bench/clips/public/sat/indicvoices-sat_01837_4785074604219857_chunk_1.wav,sat,sat-to-hi,3.9,False,1846.8,652.0,1007.0,174.0,1833.0,model,piper,92716,,0.067,0.5,ᱤᱧ ᱱᱚᱣᱟ ᱠᱚᱧ ᱡᱟᱣᱨᱟᱭᱮᱫ ᱚᱠᱛᱚ ᱤᱧᱫᱚ,ᱤᱧ ᱱᱚᱣᱟ ᱠᱩᱧ ᱡᱟᱣᱨᱟᱭᱮᱫ ᱚᱠᱛᱚ ᱤᱧ ᱫᱚ
bench/clips/public/sat/indicvoices-sat_01931_4785074604226950_chunk_3.wav,sat,sat-to-hi,7.84,False,2702.1,1384.0,949.0,358.0,2691.0,model,piper,299564,,0.049,0.148,ᱦᱮᱸ ᱦᱚᱸ ᱯᱷᱤᱴᱤᱝ ᱠᱚᱦᱚᱸ ᱡᱚᱛᱚ ᱟᱹᱰᱤ ᱵᱮᱥ ᱚᱠᱚᱭ ᱦᱮᱡ ᱞᱮᱱᱟᱭ ᱩᱱᱤ ᱟᱹᱰᱤ ᱪᱮᱦᱨᱟ ᱯᱷᱤᱴᱤᱝ ᱦᱚᱴᱚ ᱟᱠᱟᱫᱟᱭ ᱟᱡᱟᱜ ᱥᱟᱨᱵᱷᱤᱥ ᱛᱟᱭ ᱨᱚᱲ ᱠᱚ ᱵᱮᱵᱚᱦᱟᱨ ᱠᱚᱛᱟᱭ ᱟᱹᱰᱤ ᱪᱮᱨᱦᱟ ᱛᱟᱦᱮᱸ ᱞᱮᱱᱟ,ᱦᱮᱸ ᱦᱚᱸ ᱯᱷᱤᱴᱤᱝ ᱠᱚᱦᱚᱸ ᱡᱚᱛᱚ ᱟᱹᱰᱤ ᱵᱮᱥ ᱚᱠᱚᱭ ᱦᱮᱡ ᱞᱮᱱᱟ ᱩᱱᱤ ᱟᱹᱰᱤ ᱪᱮᱦᱨᱟ ᱯᱷᱤᱴᱤᱝ ᱦᱚᱴᱚ ᱟᱠᱟᱫᱟᱭ ᱟᱡᱟᱜ ᱥᱟᱨᱵᱷᱤᱥ ᱛᱮ ᱨᱚᱲ ᱠᱚ ᱵᱮᱵᱚᱦᱟᱨ ᱠᱚᱛᱮ ᱟᱹᱰᱤ ᱪᱮᱦᱨᱟ ᱛᱟᱦᱮᱸ ᱞᱮᱱᱟ
bench/clips/public/sat/indicvoices-sat_01945_4785074604175385_chunk_9.wav,sat,sat-to-hi,4.88,False,1897.9,768.0,631.0,487.0,1886.0,model,piper,78892,,0.033,0.167,ᱟᱨ ᱫᱤᱥᱚᱢ ᱨᱮᱭᱟᱜ ᱯᱟᱹᱨᱥᱤ ᱫᱚ ᱡᱟᱭᱜᱟ,ᱟᱨ ᱫᱤᱥᱚᱢ ᱨᱮᱭᱟᱜ ᱯᱟᱹᱨᱥᱤ ᱫᱚ ᱡᱟᱜᱟ
bench/clips/public/sat/indicvoices-sat_01953_4785074604175385_chunk_17.wav,sat,sat-to-hi,8.1,False,2190.4,1059.0,883.0,236.0,2177.0,model,piper,140844,,0.067,0.333,ᱟᱨᱦᱚᱸ ᱚᱱᱠᱟ ᱜᱮ ᱟᱹᱰᱤ ᱜᱷᱚᱴᱟᱝ ᱵᱷᱟᱥᱟ ᱠᱚᱣᱟᱜ ᱞᱤᱯᱤ ᱵᱟᱝ ᱤᱫᱤ ᱠᱟᱛᱮᱫ ᱦᱚᱸ,ᱟᱨᱚ ᱚᱱᱠᱟᱜᱮ ᱟᱹᱰᱤ ᱜᱚᱴᱟᱝ ᱵᱷᱟᱥᱟ ᱠᱚᱣᱟᱜ ᱞᱤᱯᱤ ᱵᱟᱝ ᱤᱫᱤ ᱠᱟᱛᱮᱫ ᱦᱚᱸ
bench/clips/public/sat/indicvoices-sat_02001_4785074604216181_chunk_2.wav,sat,sat-to-hi,6.95,False,2392.4,1118.0,983.0,280.0,2380.0,model,piper,229932,,0.109,0.476,ᱟᱹᱥᱩᱞ ᱟᱨ ᱵᱮᱯᱟᱨ ᱱᱚᱣᱟ ᱪᱷᱟᱰᱟ ᱠᱟᱛᱮᱫ ᱫᱚ ᱟᱨ ᱦᱚᱸ ᱚᱱᱠᱟ ᱫᱚ ᱟᱹᱥᱩᱞᱚᱜ ᱞᱟᱹᱜᱤᱫ ᱞᱮᱠᱟ ᱛᱮᱫᱚ ᱟᱨᱦᱚᱸ ᱚᱱᱠᱟ ᱟᱹᱰᱤ ᱜᱟᱱᱜᱮ ᱢᱮᱢᱱᱟᱜ ᱟᱠᱟᱜᱼᱟ,ᱟᱹᱥᱩᱞ ᱟᱨ ᱵᱮᱯᱟᱨ ᱱᱚᱣᱟ ᱪᱷᱟᱲᱟ ᱠᱟᱛᱮ ᱫᱚ ᱟᱨᱦᱚᱸ ᱚᱱᱠᱟ ᱫᱚ ᱟᱹᱥᱩᱞᱚᱜ ᱞᱟᱹᱜᱤᱫ ᱞᱮᱠᱟᱛᱮᱫᱚ ᱟᱨᱦᱚᱸ ᱚᱱᱠᱟ ᱟᱹᱰᱤᱜᱟᱱ ᱜᱮ ᱢᱮᱱᱟᱜᱼᱟ
bench/clips/public/sat/indicvoices-sat_02050_4785074604230911_chunk_2.wav,sat,sat-to-hi,8.41,False,2535.3,1225.0,971.0,326.0,2521.0,model,piper,240172,,0.028,0.053,ᱛᱚ ᱥᱟᱨᱱᱟ ᱫᱷᱚᱨᱚᱢ ᱨᱮ ᱛᱤᱱᱟᱹᱜ ᱱᱟᱯᱟᱭ ᱢᱮᱱᱟᱜᱼᱟ ᱡᱚᱛᱚᱣᱟᱜ ᱢᱮᱱᱟᱜᱼᱟ ᱥᱟᱨᱱᱟ ᱫᱷᱚᱨᱚᱢ ᱨᱮᱫᱚ ᱟᱨ ᱱᱚᱣᱟ ᱫᱷᱚᱨᱚᱢ ᱜᱮ ᱟᱞᱮ ᱫᱚᱞᱮ ᱢᱟᱱᱟᱣᱟ,ᱛᱚ ᱥᱟᱨᱱᱟ ᱫᱷᱚᱨᱚᱢ ᱨᱮ ᱛᱤᱱᱟᱹᱜ ᱱᱟᱯᱟᱭ ᱢᱮᱱᱟᱜᱼᱟ ᱡᱮᱛᱮᱭᱟᱜ ᱢᱮᱱᱟᱜᱼᱟ ᱥᱟᱨᱱᱟ ᱫᱷᱚᱨᱚᱢ ᱨᱮᱫᱚ ᱟᱨ ᱱᱚᱣᱟ ᱫᱷᱚᱨᱚᱢ ᱜᱮ ᱟᱞᱮ ᱫᱚᱞᱮ ᱢᱟᱱᱟᱣᱟ
bench/clips/public/sat/indicvoices-sat_02061_4785074604229947_chunk_9.wav,sat,sat-to-hi,8.7,False,3233.4,1494.0,1164.0,562.0,3219.0,model,piper,423980,,0.08,0.576,ᱠᱚ ᱧᱮᱞᱮᱫ ᱠᱚᱣᱟ ᱠᱚ ᱮᱢᱟ ᱠᱚ ᱠᱟᱱᱟ ᱠᱚ ᱫᱟᱱᱟᱼᱯᱟᱱᱤ ᱠᱚ ᱪᱟᱨᱟ ᱠᱚ ᱠᱷᱟᱞᱤ ᱧᱮᱞ ᱴᱩᱠᱩᱱ ᱟᱨ ᱫᱟᱱᱟᱼᱯᱟᱱᱤ ᱮᱢ ᱴᱩᱠᱩᱱ ᱵᱟᱥ ᱡᱮ ᱚᱠᱟ ᱥᱮᱫ ᱦᱚᱸ ᱟᱞᱚᱠᱚ ᱧᱤᱨ ᱢᱟ ᱚᱠᱚᱭ ᱦᱚᱸ ᱟᱞᱚ ᱠᱚ ᱠᱩᱢᱵᱲᱩ ᱠᱚᱢᱟ,ᱠᱚ ᱧᱮᱞᱮᱫ ᱠᱚᱣᱟ ᱠᱚ ᱮᱢᱟᱠᱚ ᱠᱟᱱᱟ ᱠᱚ ᱫᱟᱱᱟ ᱯᱟᱱᱤ ᱠᱚ ᱪᱟᱨᱟᱠᱚ ᱠᱷᱟᱹᱞᱤ ᱧᱮᱞ ᱴᱩᱠᱩᱱ ᱟᱨ ᱫᱟᱱᱟ ᱯᱟᱱᱤᱭ ᱮᱢᱴᱩᱠᱩᱱ ᱵᱟᱥ ᱡᱮ ᱚᱠᱟᱥᱮᱫ ᱦᱚᱸ ᱟᱞᱚᱠᱚ ᱧᱤᱨᱢᱟ ᱚᱠᱚᱭᱦᱚᱸ ᱟᱞᱚᱠᱚ ᱠᱩᱢᱵᱽᱲᱩ ᱠᱚᱢᱟ
bench/clips/public/sat/indicvoices-sat_02088_4785074604135728_chunk_6.wav,sat,sat-to-hi,3.81,False,2081.3,727.0,682.0,660.0,2069.0,model,piper,124972,,0.019,0.1,ᱛᱟᱥ ᱱᱚᱜᱼᱚ ᱱᱚᱝᱠᱟᱱᱟᱜ ᱟᱨᱚ ᱢᱚᱵᱟᱭᱤᱞ ᱡᱟᱦᱟᱸ ᱜᱮᱢ ᱠᱚ ᱦᱩᱭ ᱟᱠᱟᱱᱟ,ᱛᱟᱥ ᱱᱚᱜᱼᱚ ᱱᱚᱝᱠᱟᱱᱟᱜ ᱟᱨᱚ ᱢᱳᱵᱟᱭᱤᱞ ᱡᱟᱦᱟᱸ ᱜᱮᱢ ᱠᱚ ᱦᱩᱭ ᱟᱠᱟᱱᱟ
bench/clips/public/sat/indicvoices-sat_02135_b82ce8eb_6086_4c7b_8b97_0fd948fba54d_1_c.wav,sat,sat-to-hi,7.45,False,2603.4,1177.0,1005.0,404.0,2587.0,model,piper,289836,,0.152,0.55,ᱵᱟᱹᱱᱩᱜ ᱠᱚᱣᱟ ᱡᱮ ᱢᱤᱫᱴᱮ ᱴᱤᱪᱟᱨᱮ ᱛᱟᱦᱮᱸ ᱞᱮᱱᱠᱷᱟᱱ ᱛᱚ ᱟᱨ ᱨᱮ ᱢᱤᱫᱴᱮ ᱴᱤᱪᱟᱨᱮ ᱛᱮᱫᱚ ᱟᱨ ᱩᱱᱟᱹᱜᱟᱱ ᱜᱤᱫᱽᱨᱟᱹ ᱛᱚ ᱵᱟᱭ ᱯᱟᱲᱦᱟᱣ ᱫᱟᱲᱮᱣᱟᱠᱚᱣᱟ,ᱵᱟᱹᱱᱩᱜ ᱠᱚᱣᱟ ᱡᱮ ᱢᱤᱫᱴᱮᱱ ᱴᱤᱪᱟᱨ ᱮ ᱛᱟᱦᱮᱸ ᱞᱮᱱ ᱠᱷᱟᱱ ᱛᱚ ᱟᱨ ᱢᱤᱫᱴᱮᱱ ᱴᱤᱪᱟᱨ ᱦᱤᱥᱟᱹᱵ ᱛᱮᱫᱚ ᱟᱨ ᱩᱱᱟᱹᱜ ᱜᱟᱱ ᱜᱤᱫᱽᱨᱟᱹ ᱛᱚ ᱵᱟᱭ ᱯᱟᱲᱦᱟᱣ ᱫᱟᱲᱮᱭᱟᱠᱚᱣᱟ
bench/clips/public/sat/indicvoices-sat_02146_4785074604121159_chunk_1.wav,sat,sat-to-hi,6.4,False,2298.8,1166.0,824.0,295.0,2284.0,model,piper,153132,,0.075,0.25,ᱠᱩᱥᱤᱭᱟᱱ ᱡᱳᱜ ᱤᱫᱤ ᱞᱮᱠᱟ ᱠᱟᱛᱮ ᱫᱚ ᱪᱮᱫ ᱤᱧ ᱞᱟᱭᱼᱟ ᱟᱭᱢᱟ ᱫᱤᱱ ᱨᱮ,ᱠᱩᱥᱤᱭᱟᱱ ᱡᱳᱜᱽ ᱤᱫᱤ ᱞᱮᱠᱟ ᱠᱟᱛᱮᱫ ᱫᱚ ᱪᱮᱫ ᱤᱧ ᱞᱟᱹᱭᱟ ᱟᱭᱢᱟ ᱫᱤᱱ ᱨᱮ
bench/clips/public/sat/indicvoices-sat_02152_4785074604121159_chunk_7.wav,sat,sat-to-hi,3.23,False,1528.5,669.0,398.0,448.0,1515.0,model,piper,54316,,0.0,0.0,ᱵᱟᱨᱯᱮ ᱵᱟᱨᱯᱮ ᱫᱤᱱ ᱫᱚ,ᱵᱟᱨᱯᱮ ᱵᱟᱨᱯᱮ ᱫᱤᱱ ᱫᱚ
bench/clips/public/sat/indicvoices-sat_02218_04d6e50d_f514_4050_a770_c02253294874_0_c.wav,sat,sat-to-hi,4.32,False,1614.8,1053.0,279.0,270.0,1601.0,model,piper,35372,,0.444,0.5,ᱴᱷᱤᱠ ᱜᱮᱭᱟ,ᱦᱮᱸ ᱴᱷᱤᱠ ᱜᱮᱭᱟ
bench/clips/public/sat/indicvoices-sat_02225_7bc82c2e_0840_45d9_b446_9459f456c3fe_0_c.wav,sat,sat-to-hi,3.8,False,2375.4,1268.0,779.0,316.0,2363.0,model,piper,105004,,0.051,0.333,ᱚᱱᱟ ᱛᱮᱜᱮ ᱤᱥᱠᱩᱞ ᱫᱚ ᱵᱟᱭ ᱥᱮᱱ ᱫᱟᱲᱮᱭ ᱟᱜ ᱠᱟᱱᱟ,ᱚᱱᱟ ᱛᱮᱜᱮ ᱥᱠᱩᱞ ᱫᱚ ᱵᱟᱭ ᱥᱮᱱ ᱫᱟᱲᱮᱭᱟᱜ ᱠᱟᱱᱟ
bench/clips/public/sat/indicvoices-sat_02292_4785074604082507_chunk_5.wav,sat,sat-to-hi,5.96,False,2173.2,998.0,916.0,245.0,2159.0,model,piper,139820,,0.039,0.167,ᱛᱟᱭᱚᱢ ᱛᱮ ᱚᱱᱟ ᱡᱚᱢ ᱡᱤᱱᱤᱥ ᱚᱲᱟᱜ ᱨᱮᱱ ᱦᱚᱲ ᱠᱚᱧ ᱩᱫᱩ ᱟᱫ ᱠᱚᱣᱟ,ᱛᱟᱭᱚᱢ ᱛᱮ ᱚᱱᱟ ᱡᱚᱢ ᱡᱤᱱᱤᱥ ᱚᱲᱟᱜ ᱨᱮᱱ ᱦᱚᱲ ᱠᱩᱧ ᱩᱫᱩᱜ ᱟᱫ ᱠᱚᱣᱟ
bench/clips/public/sat/indicvoices-sat_02374_4785074604142740_chunk_23.wav,sat,sat-to-hi,6.62,False,2176.5,981.0,908.0,275.0,2163.0,model,piper,146476,,0.0,0.0,ᱚᱱᱟ ᱠᱚᱦᱚᱸ ᱠᱚ ᱦᱟᱛᱟᱣ ᱜᱮᱭᱟ ᱚᱱᱠᱟᱱ ᱚᱱᱠᱟᱱᱟᱜ ᱠᱟᱹᱢᱤ ᱠᱚᱦᱚᱸ ᱟᱨ,ᱚᱱᱟ ᱠᱚᱦᱚᱸ ᱠᱚ ᱦᱟᱛᱟᱣ ᱜᱮᱭᱟ ᱚᱱᱠᱟᱱ ᱚᱱᱠᱟᱱᱟᱜ ᱠᱟᱹᱢᱤ ᱠᱚᱦᱚᱸ ᱟᱨ
bench/clips/public/sat/indicvoices-sat_02393_dcb0f870_7828_4246_af26_46746331bdb4_1_c.wav,sat,sat-to-hi,8.03,False,2246.0,964.0,1003.0,266.0,2234.0,model,piper,198700,,0.111,0.5,ᱮᱸ ᱮᱜᱽᱡᱟᱢ ᱮᱢᱨᱮ ᱠᱟ ᱴᱤᱡ ᱮᱴᱠᱮᱴᱚᱬᱮ ᱦᱩᱭᱩᱜ ᱠᱟᱱᱟ ᱛᱚ ᱚᱱᱟᱜᱮ ᱠᱟ ᱴᱤᱡ ᱯᱚᱛᱚᱵ ᱠᱚ ᱡᱩᱫᱤ ᱡᱚᱛᱚ ᱛᱟᱲᱟ ᱛᱟ ᱲᱤ ᱛᱮ,ᱮᱠᱡᱟᱢ ᱮᱢ ᱨᱮ ᱠᱟᱴᱤᱡ ᱮᱴᱠᱮᱴᱚᱬᱮ ᱦᱩᱭᱩᱜ ᱠᱟᱱᱟ ᱛᱚ ᱚᱱᱟᱜᱮ ᱠᱟᱹᱴᱤᱡ ᱯᱚᱛᱚᱵ ᱠᱚ ᱡᱩᱫᱤ ᱡᱚᱛᱚ ᱛᱟᱲᱟᱛᱟᱲᱤ ᱛᱮ
bench/clips/public/sat/indicvoices-sat_02417_d645b49f_1d72_4f3d_8d4f_821689ef07c5_1_c.wav,sat,sat-to-hi,4.09,False,1970.8,792.0,929.0,237.0,1958.0,model,piper,122924,,0.098,0.571,ᱟᱨ ᱟᱯᱮᱥᱮᱫ ᱫᱚ ᱪᱮᱫᱠᱟᱯᱮ ᱥᱚᱦᱚᱨᱟᱭᱯᱮ ᱢᱟᱱᱟᱣ ᱜᱮᱭᱟ,ᱟᱨ ᱟᱯᱮᱥᱮᱫ ᱫᱚ ᱪᱮᱫ ᱞᱮᱠᱟᱯᱮ ᱥᱚᱦᱚᱨᱟᱭ ᱯᱮ ᱢᱟᱱᱟᱣ ᱜᱮᱭᱟ
bench/clips/public/sat/indicvoices-sat_02450_4785074604087571_chunk_4.wav,sat,sat-to-hi,3.17,False,1864.5,718.0,964.0,171.0,1854.0,model,piper,79404,,0.12,0.25,ᱠᱚᱝᱠᱟᱹᱞᱤ ᱛᱚᱞᱟ ᱤᱱᱟᱹᱯᱚᱨᱮ ᱤᱱᱟᱹ ᱠᱟᱪᱷᱟ ᱠᱟᱪᱷᱤ ᱦᱩᱭᱩᱜ ᱠᱟᱱᱟ,ᱠᱚᱝᱠᱟᱞᱤ ᱛᱚᱞᱟ ᱤᱱᱟᱹᱯᱚᱨᱮ ᱠᱟᱪᱷᱟ ᱠᱟᱪᱷᱤ ᱦᱩᱭᱩᱜ ᱠᱟᱱᱟ
bench/clips/public/sat/indicvoices-sat_02506_4785074604132756_chunk_12.wav,sat,sat-to-hi,6.59,False,2250.1,952.0,1014.0,273.0,2238.0,model,piper,198188,,0.097,0.5,ᱟᱨ ᱡᱚᱢᱼᱧᱩ ᱛᱮᱱᱟᱜ ᱜᱮᱠᱩ ᱟᱹᱠᱷᱨᱤᱧ ᱵᱟᱲᱟᱭᱟ ᱥᱮᱠᱚ ᱦᱟᱴ ᱵᱟᱡᱟᱨ ᱮᱫᱟ ᱚᱸᱰᱮ ᱟᱨ,ᱟᱨ ᱡᱚᱢ ᱧᱩ ᱛᱮᱱᱟᱜ ᱠᱚᱜᱮ ᱠᱚ ᱟᱹᱠᱷᱨᱤᱧ ᱵᱟᱲᱟᱭᱟ ᱥᱮᱠᱚ ᱦᱟᱴ ᱵᱟᱡᱟᱨᱮᱫᱟ ᱚᱸᱰᱮ ᱟᱨ
bench/clips/public/sat/indicvoices-sat_02521_4785074604122582_chunk_5.wav,sat,sat-to-hi,7.26,False,2243.5,1056.0,872.0,302.0,2230.0,model,piper,162348,,0.096,0.333,ᱩᱱᱤ ᱛᱳ ᱟᱨ ᱫᱟᱠᱟ ᱫᱚ ᱵᱟᱭ ᱡᱚᱢ ᱫᱟᱲᱮᱜᱼᱟ ᱯᱨᱚᱛᱷᱚᱢ ᱫᱚ ᱱᱩᱱᱩᱣᱟᱭ ᱦᱩᱭᱩᱜᱼᱟ ᱥᱮ ᱢᱟᱭᱯᱳᱥ ᱨᱮ,ᱩᱱᱤ ᱛᱚ ᱟᱨ ᱫᱟᱠᱟ ᱫᱚ ᱵᱟᱭ ᱡᱚᱢ ᱫᱟᱲᱮᱜᱼᱟ ᱯᱚᱨᱛᱷᱚᱢ ᱫᱚ ᱱᱚᱣᱟᱭ ᱦᱩᱭᱩᱜᱼᱟ ᱥᱮ ᱢᱟᱭ ᱯᱳᱥ ᱨᱮ
bench/clips/public/sat/indicvoices-sat_02591_183944c5_6f09_477c_bc10_d2af4e1f4af6_1_c.wav,sat,sat-to-hi,3.24,False,1874.4,636.0,797.0,427.0,1861.0,model,piper,94252,,0.029,0.143,ᱟᱨ ᱱᱚᱱᱛᱮ ᱪᱟᱹᱛ ᱵᱟᱹᱭᱥᱟᱹᱠ ᱠᱚ ᱨᱟᱠᱟᱵᱟ ᱟᱨ,ᱟᱨ ᱱᱚᱱᱛᱮ ᱪᱟᱹᱛ ᱵᱟᱹᱭᱥᱟᱹᱠᱷ ᱠᱚ ᱨᱟᱠᱟᱵᱟ ᱟᱨ
bench/clips/public/sat/indicvoices-sat_02612_3ce8383c_939c_4401_81f0_f2e073e3eccd_0_c.wav,sat,sat-to-hi,3.62,False,2132.7,955.0,894.0,271.0,2120.0,model,piper,145452,,0.0,0.0,ᱚ ᱛᱟᱦᱚᱞᱮ ᱱᱟᱯᱟᱭ ᱛᱮᱜᱮ ᱚᱞ ᱯᱟᱲᱦᱟᱣ ᱫᱚ ᱦᱩᱭᱩᱜ ᱠᱟᱱ ᱛᱟᱯᱮᱭᱟ ᱵᱟᱝ,ᱚ ᱛᱟᱦᱚᱞᱮ ᱱᱟᱯᱟᱭ ᱛᱮᱜᱮ ᱚᱞ ᱯᱟᱲᱦᱟᱣ ᱫᱚ ᱦᱩᱭᱩᱜ ᱠᱟᱱ ᱛᱟᱯᱮᱭᱟ ᱵᱟᱝ
