set,clip,words,chunks,asr_ms,nmt_ms,tts_ms,full_ms,first_audio_ms,last_audio_ms,stalls,chunk_vs_whole_chrf,recognized,whole,chunked
public,bench/clips/public/hi/fleurs-hi_00000_1766.wav,23,3,894,2653,549,4097,2834,4850,0,67.4,कुछ अणुओं में अस्थिर केंद्रक होता है जिसका मतलब यह कि उनमें थोड़े या बिना किसी झटके से टूटने की प्रवृत्ति होती है,"ᱠᱤᱪᱷᱩᱠ ᱢᱳᱞᱤᱠᱩᱞ ᱨᱮ ᱢᱤᱫᱴᱟᱝ ᱚᱵᱷᱟᱵᱽ ᱟᱱᱟᱜ ᱱᱤᱭᱩᱠᱞᱤᱴ ᱢᱮᱱᱟᱜᱼᱟ ᱡᱟᱦᱟᱸ ᱨᱮᱭᱟᱜ ᱢᱮᱱᱮᱫ ᱦᱩᱭᱩᱜ ᱠᱟᱱᱟ ᱡᱮ, ᱚᱱᱟᱠᱚ ᱠᱚᱢ ᱥᱮ ᱵᱟᱝ ᱦᱟᱹᱱ ᱠᱟᱛᱮ ᱵᱨᱟᱠ ᱠᱚᱨᱟᱣ ᱨᱮᱭᱟᱜ ᱮᱥᱮᱨ ᱢᱮᱱᱟᱜᱼᱟ ᱾",ᱠᱤᱪᱷᱩᱠ ᱢᱳᱞᱤᱠᱩᱞ ᱨᱮ ᱢᱤᱫᱴᱟᱝ ᱚᱵᱷᱟᱵᱽ ᱟᱱᱟᱜ ᱱᱤᱭᱩᱠᱞᱤᱭᱩᱴ ᱢᱮᱱᱟᱜᱼᱟ ᱡᱟᱦᱟᱸ ᱨᱮᱭᱟᱜ ᱢᱮᱱᱮᱫ ᱦᱩᱭᱩᱜ ᱠᱟᱱᱟ ᱱᱚᱶᱟ ᱾ | ᱚᱱᱟ ᱫᱚ ᱦᱩᱭᱩᱜ ᱠᱟᱱᱟ ᱩᱱᱠᱩ ᱢᱩᱫᱨᱮ ᱟᱹᱰᱤ ᱠᱚᱢ ᱥᱮ ᱵᱟᱝ ᱾ | ᱦᱟᱹᱱ ᱠᱷᱟᱹᱛᱤᱨ ᱛᱮ ᱵᱨᱟᱠᱰᱟᱣᱩᱱ ᱨᱮᱭᱟᱜ ᱦᱚᱨᱟ ᱢᱮᱱᱟᱜᱼᱟ ᱾
public,bench/clips/public/hi/fleurs-hi_00015_1992.wav,25,4,869,2163,372,3404,1805,4123,0,71.5,विशेष रूप से सवाना पर बेहतरीन अफ्रीकी वन्य जीवन को संपूर्ण रूप से देखने के लिए आमतौर पर सफारी शब्द का उपयोग किया जाता है,ᱥᱟᱯᱷᱟᱨᱤ ᱥᱟᱵᱟᱫ ᱫᱚ ᱥᱟᱫᱷᱟᱨᱚᱱ ᱞᱮᱠᱟᱛᱮ ᱥᱟᱵᱷᱟᱱᱟ ᱨᱮ ᱥᱚᱨᱮᱥ ᱚᱯᱷᱨᱤᱠᱟ ᱵᱤᱨ ᱡᱤᱭᱟᱹᱞᱤ ᱠᱚ ᱧᱮᱞ ᱞᱟᱹᱜᱤᱫ ᱵᱮᱣᱦᱟᱨᱚᱜᱼᱟ ᱾,"ᱟᱹᱰᱤ ᱱᱟᱯᱟᱭ, ᱵᱤᱥᱮᱥᱠᱟᱭᱛᱮ ᱥᱟᱵᱷᱟᱱᱟ ᱨᱮ ᱾ | ᱥᱟᱱᱟᱢ ᱞᱮᱠᱟᱛᱮ ᱚᱯᱷᱨᱤᱠᱟ ᱵᱤᱨ ᱡᱤᱭᱟᱹᱞᱤ ᱠᱚ ᱾ | ᱥᱟᱫᱷᱟᱨᱚᱱ ᱞᱮᱠᱟᱛᱮ ᱥᱟᱯᱷᱟᱨᱤ ᱧᱮᱞ ᱞᱟᱹᱜᱤᱫ ᱾ | ᱥᱟᱵᱟᱫ ᱫᱚ ᱵᱮᱣᱦᱟᱨᱚᱜᱼᱟ ᱾"
public,bench/clips/public/hi/fleurs-hi_00026_1957.wav,7,1,596,2016,247,2859,1799,1799,0,100.0,उन्होंने नक को राजनीतिक बकसर मुखतापना कहा,ᱩᱱᱤ ᱫᱚ ᱱᱟᱠ ᱫᱚ ᱨᱟᱡᱟᱹᱨᱤ ᱵᱚᱠᱥᱟᱨ ᱫᱟᱯᱨᱟᱢ ᱢᱮᱱᱛᱮ ᱠᱚ ᱢᱮᱱ ᱞᱮᱫᱟ ᱾,ᱩᱱᱤ ᱫᱚ ᱱᱟᱠ ᱫᱚ ᱨᱟᱡᱟᱹᱨᱤ ᱵᱚᱠᱥᱟᱨ ᱫᱟᱯᱨᱟᱢ ᱢᱮᱱᱛᱮ ᱠᱚ ᱢᱮᱱ ᱞᱮᱫᱟ ᱾
public,bench/clips/public/hi/fleurs-hi_00027_1802.wav,12,2,308,1564,292,2164,1269,2079,0,65.3,इंटरनेट लोगों और अंतर परस्पर संचार दोनों के तत्वों को मिलाता है,ᱤᱱᱴᱟᱨᱱᱮᱴ ᱦᱚᱲ ᱟᱨ ᱵᱷᱮᱜᱟᱨ ᱡᱳᱜᱟᱡᱳᱜ ᱵᱟᱱᱟᱨ ᱨᱮᱭᱟᱜ ᱦᱤᱸᱥ ᱜᱮ ᱥᱮᱞᱮᱫ ᱟᱠᱟᱫᱟ ᱾,ᱤᱱᱴᱟᱨᱱᱮᱴ ᱦᱚᱲ ᱟᱨ ᱵᱷᱮᱜᱟᱨ ᱡᱳᱜᱟᱡᱳᱜ ᱾ | ᱵᱟᱱᱟᱨ ᱨᱮᱭᱟᱜ ᱟᱭᱩᱢᱟᱹᱱ ᱠᱚ ᱥᱮᱞᱮᱫ ᱢᱮ ᱾
public,bench/clips/public/hi/fleurs-hi_00033_1910.wav,14,2,703,1784,312,2799,1905,3766,0,79.6,ऐसा माना जाता है कि पैरिस के निवासी अहंकारी असभ्य और अभिमानी होते हैं,ᱢᱚᱱᱮ ᱦᱩᱭᱩᱜ ᱠᱟᱱᱟ ᱡᱮ ᱯᱮᱨᱤᱥ ᱨᱮᱱ ᱦᱚᱲᱠᱚ ᱫᱚ ᱚᱵᱷᱟᱵᱽ ᱟᱱ ᱵᱮᱼᱵᱟᱹᱛᱤᱞ ᱟᱨ ᱜᱳᱨᱰ ᱾,ᱢᱚᱱᱮ ᱦᱩᱭᱩᱜ ᱠᱟᱱᱟ ᱱᱚᱶᱟ ᱫᱚ ᱦᱩᱭᱩᱜ ᱠᱟᱱᱟ ᱾ | ᱱᱚᱶᱟ ᱫᱚ ᱦᱩᱭᱩᱜ ᱠᱟᱱᱟ ᱡᱮ ᱯᱮᱨᱤᱥ ᱨᱮᱱ ᱦᱚᱲᱠᱚ ᱫᱚ ᱚᱵᱷᱟᱵᱽ ᱟᱱ ᱵᱮᱼᱵᱟᱹᱛᱤᱞ ᱟᱨ ᱚᱵᱷᱟᱵ ᱟᱱ ᱾
public,bench/clips/public/hi/fleurs-hi_00034_1721.wav,23,4,907,3936,852,5695,1697,5345,0,28.8,एक हज़ार नौ सौ तिरसठ में बादध बनने के बाद मौसमी बाढ़ जो पूरे नदी में थलचट फैला देगी वह रुक गई थी,"ᱢᱤᱫ, ᱢᱤᱫ, ᱜᱮᱞ, ᱜᱮᱞ ᱜᱮᱞ ᱜᱮᱞ, ᱛᱩᱨᱩᱭ ᱜᱮᱞ, ᱢᱤᱫ ᱜᱮᱞ, ᱢᱤᱫᱴᱟᱝ ᱜᱮᱞ, ᱵᱟᱨᱭᱟ, ᱢᱤᱫᱴᱟᱝ ᱮᱞᱟᱨᱟᱢ ᱵᱮᱱᱟᱣ ᱛᱟᱭᱚᱢ, ᱡᱟᱦᱟᱸ ᱦᱚᱭᱦᱩᱫᱤᱥ ᱨᱮᱭᱟᱜ ᱫᱟᱜᱡᱩᱠᱤ ᱡᱟᱦᱟᱸ ᱫᱚ ᱥᱟᱱᱟᱢ ᱱᱟᱹᱭ ᱨᱮ ᱛᱟᱞᱚᱠᱴ ᱯᱟᱥᱱᱟᱣᱼᱟ, ᱚᱱᱟ ᱵᱚᱱᱚᱫᱚᱞ ᱞᱮᱱᱟ ᱾",ᱢᱤᱫ ᱥᱟᱭ ᱱᱟᱹ ᱥᱟᱭ ᱯᱮ ᱥᱟᱭ ᱨᱮ ᱾ | ᱵᱟᱫᱚᱫ ᱵᱮᱱᱟᱣ ᱛᱟᱭᱚᱢ ᱢᱚᱨᱥᱩᱢ ᱨᱮᱭᱟᱜ ᱫᱟᱜᱡᱩᱠᱤ ᱾ | ᱡᱳ ᱱᱟᱹᱭ ᱨᱮᱭᱟᱜ ᱥᱟᱱᱟᱢ ᱦᱤᱸᱥ ᱨᱮ ᱛᱟᱞᱟᱪᱴ ᱾ | ᱯᱟᱥᱱᱟᱣ ᱠᱟᱛᱮ ᱩᱱᱤ ᱫᱚ ᱵᱚᱱᱚᱫᱚᱞ ᱞᱮᱱᱟᱭ ᱾
public,bench/clips/public/hi/fleurs-hi_00050_1958.wav,20,3,799,2773,574,4146,1998,4910,0,79.4,यह शहर देश के बाकी शहरों से अलग है क्योंकि यह किसी अफ्रीकी शहर की बजाय अरब शहर लगता है,"ᱱᱚᱶᱟ ᱥᱟᱦᱟᱨ ᱫᱚ ᱫᱤᱥᱚᱢ ᱨᱮᱭᱟᱜ ᱮᱴᱟᱜ ᱥᱟᱦᱟᱨ ᱠᱚ ᱠᱷᱚᱱ ᱵᱷᱮᱜᱟᱨ, ᱚᱡᱮ ᱫᱚ ᱱᱚᱶᱟ ᱫᱚ ᱢᱤᱫᱴᱟᱝ ᱚᱯᱷᱨᱤᱠᱟ ᱥᱟᱦᱟᱨ ᱠᱷᱚᱱ ᱦᱚᱸ ᱟᱨᱵ ᱥᱟᱦᱟᱨ ᱢᱮᱱᱛᱮ ᱢᱚᱱᱮ ᱦᱩᱭᱩᱜ ᱠᱟᱱᱟ ᱾",ᱱᱚᱶᱟ ᱥᱟᱦᱟᱨ ᱫᱚ ᱫᱤᱥᱚᱢ ᱨᱮᱭᱟᱜ ᱮᱴᱟᱜ ᱥᱟᱦᱟᱨ ᱠᱷᱚᱱ ᱵᱷᱮᱜᱟᱨ ᱾ | ᱪᱮᱫᱟᱜ ᱥᱮ ᱱᱚᱶᱟ ᱫᱚ ᱢᱤᱫᱴᱟᱝ ᱚᱯᱷᱨᱤᱠᱟ ᱥᱟᱦᱟᱨ ᱨᱮᱭᱟᱜ ᱠᱟᱱᱟ ᱾ | ᱟᱨᱵ ᱥᱟᱦᱟᱨ ᱫᱚ ᱚᱱᱟ ᱠᱷᱚᱱ ᱦᱚᱸ ᱡᱟᱹᱥᱛᱤ ᱢᱮᱱᱛᱮ ᱢᱚᱱᱮ ᱦᱩᱭᱩᱜ ᱠᱟᱱᱟ ᱾
public,bench/clips/public/hi/fleurs-hi_00053_1966.wav,19,2,1101,2077,641,3819,2800,4426,0,81.3,अक्टूबर में शुरू हुए व्यापक शासन विरोधी प्रदर्शनों के लिए आयोग का गठन मारटेली की प्रतिक्रिया स्वरूप हुआ था,ᱚᱠᱴᱳᱵᱚᱨ ᱨᱮ ᱮᱛᱚᱦᱚᱵ ᱟᱠᱟᱱ ᱢᱟᱨᱟᱝ ᱥᱟᱥᱚᱱ ᱵᱤᱨᱩᱫ ᱨᱮ ᱞᱟᱹᱲᱦᱟᱹᱭ ᱞᱟᱹᱜᱤᱫ ᱢᱟᱨᱴᱮᱞᱤ ᱟᱜ ردعمل ᱞᱮᱠᱟᱛᱮ ᱠᱚᱢᱤᱥᱚᱱ ᱵᱮᱱᱟᱣ ᱦᱩᱭ ᱞᱮᱱᱟ ᱾,ᱚᱠᱴᱳᱵᱚᱨ ᱨᱮ ᱮᱛᱚᱦᱚᱵ ᱟᱠᱟᱱ ᱢᱟᱨᱟᱝ ᱥᱟᱥᱚᱱ ᱵᱤᱨᱩᱫ ᱨᱮ ᱞᱟᱹᱲᱦᱟᱹᱭ ᱞᱟᱹᱜᱤᱫ ᱾ | ᱢᱟᱨᱴᱮᱞᱤ ᱟᱜ ردعمل ᱨᱮ ᱱᱚᱶᱟ ᱠᱚᱢᱤᱥᱚᱱ ᱵᱮᱱᱟᱣ ᱞᱮᱱᱟ ᱾
public,bench/clips/public/hi/fleurs-hi_00059_1772.wav,18,3,867,1875,333,3075,2012,4383,0,74.5,इसलिए यह माना जा रहा है कि नोटेशन को सिर्फ एक लेवल के रूप में जोड़ा गया था,ᱚᱱᱟᱛᱮ ᱢᱚᱱᱮ ᱦᱩᱭᱩᱜ ᱠᱟᱱᱟ ᱡᱮ ᱱᱳᱴᱮᱥᱚᱱ ᱫᱚ ᱥᱩᱢᱩᱝ ᱢᱤᱫᱴᱟᱝ ᱞᱮᱵᱷᱮᱞ ᱞᱮᱠᱟᱛᱮ ᱥᱮᱞᱮᱫ ᱦᱩᱭ ᱟᱠᱟᱱᱟ ᱾,ᱚᱱᱟᱛᱮ ᱱᱚᱶᱟ ᱫᱚ ᱢᱚᱱᱮ ᱦᱩᱭᱩᱜ ᱠᱟᱱᱟ ᱾ | ᱱᱚᱶᱟ ᱱᱳᱴᱮᱥᱚᱱ ᱫᱚ ᱥᱩᱢᱩᱝ ᱢᱤᱫᱴᱟᱝ ᱾ | ᱞᱮᱵᱷᱮᱞ ᱞᱮᱠᱟᱛᱮ ᱥᱮᱞᱮᱫ ᱦᱩᱭ ᱞᱮᱱᱟ ᱾
public,bench/clips/public/hi/fleurs-hi_00060_1803.wav,20,2,929,2759,437,4126,2430,3981,0,93.5,आपके हाथों की नमी बाहरी परतों के साथ क्रिया करेगी जो अजीब महसूस करेगी और एक तरह का आवरण बनाएगी,ᱟᱢᱟᱜ ᱛᱤ ᱨᱮᱭᱟᱜ ᱫᱟᱜ ᱫᱚ ᱵᱤᱞᱟᱹᱛ ᱨᱮᱭᱟᱜ ᱯᱚᱨᱤᱢᱟᱱ ᱥᱟᱞᱟᱜ ᱠᱟᱹᱢᱤᱼᱟ ᱡᱟᱦᱟᱸ ᱫᱚ ᱚᱵᱷᱟᱵᱽ ᱢᱚᱱᱮ ᱦᱩᱭᱩᱜᱼᱟ ᱟᱨ ᱢᱤᱫ ᱞᱮᱠᱟᱱ ᱠᱚᱵᱷᱟᱨ ᱮ ᱵᱮᱱᱟᱣᱼᱟ ᱾,ᱟᱢᱟᱜ ᱛᱤ ᱨᱮᱭᱟᱜ ᱫᱟᱜ ᱫᱚ ᱵᱤᱞᱟᱹᱛ ᱨᱮᱭᱟᱜ ᱯᱚᱨᱤᱢᱟᱱ ᱥᱟᱞᱟᱜ ᱠᱟᱹᱢᱤᱼᱟ ᱾ | ᱡᱟᱦᱟᱸ ᱫᱚ ᱚᱵᱷᱟᱵᱽ ᱟᱱᱟᱜ ᱢᱚᱱᱮ ᱦᱩᱭᱩᱜᱼᱟ ᱟᱨ ᱢᱤᱫ ᱞᱮᱠᱟᱱ ᱠᱚᱵᱷᱟᱨ ᱮ ᱵᱮᱱᱟᱣᱼᱟ ᱾
public,bench/clips/public/hi/fleurs-hi_00064_1844.wav,17,3,727,2227,429,3383,1563,4273,0,57.7,चाँंद की सतह चट्टानों और धूल से बनी है चाँद की बाहरी परत को कृष्ट कहते हैं,"ᱪᱚᱱᱫᱨ ᱨᱮᱭᱟᱜ ᱚᱛ ᱫᱚ ᱫᱷᱤᱨᱤ ᱟᱨ ᱚᱛᱚᱢ ᱛᱮ ᱵᱮᱱᱟᱣ ᱟᱠᱟᱱᱟ, ᱪᱚᱱᱫᱨᱚᱱ ᱨᱮᱭᱟᱜ ᱵᱤᱞᱟᱹᱛ ᱨᱮᱭᱟᱜ ᱚᱛᱚᱢ ᱫᱚ ᱠᱤᱥᱴᱚ ᱠᱚ ᱢᱮᱱᱚᱜᱼᱟ ᱾",ᱪᱚᱱᱫᱨ ᱨᱮᱭᱟᱜ ᱚᱛ ᱨᱮᱭᱟᱜ ᱫᱷᱤᱨᱤ ᱾ | ᱟᱨ ᱚᱛᱚᱢ ᱠᱷᱚᱱ ᱵᱮᱱᱟᱣ ᱟᱠᱟᱱᱟ ᱪᱚᱱᱫᱨᱚᱜ ᱾ | ᱵᱤᱞᱟᱹᱛ ᱨᱮᱭᱟᱜ ᱯᱚᱨᱤᱢᱟᱱ ᱫᱚ ᱠᱨᱤᱥᱴ ᱠᱚ ᱢᱮᱱᱚᱜᱼᱟ ᱾
public,bench/clips/public/hi/fleurs-hi_00067_1974.wav,13,2,754,1955,300,3009,1761,2945,0,63.5,इसी तरह पुरुषों के लिए घुटनों को ढकने वाले ट्राउजर पहनना ज़रूरी है,ᱱᱚᱶᱟ ᱞᱮᱠᱟ ᱠᱚᱲᱟ ᱠᱚ ᱞᱟᱹᱜᱤᱫ ᱜᱩᱱᱤ ᱠᱚ ᱫᱚᱦᱚ ᱞᱟᱹᱜᱤᱫ ᱴᱨᱚᱡᱟᱨ ᱵᱮᱣᱦᱟᱨ ᱦᱩᱭᱩᱜ ᱞᱟᱹᱠᱛᱤ ᱠᱟᱱᱟ ᱾,ᱠᱚᱲᱟ ᱠᱚ ᱞᱟᱹᱜᱤᱫ ᱦᱚᱸ ᱢᱤᱫ ᱞᱮᱠᱟ ᱜᱩᱱᱤ ᱾ | ᱢᱤᱫᱴᱟᱝ ᱠᱟᱵᱷᱟᱨᱰ ᱴᱨᱚᱡᱟᱨ ᱵᱮᱣᱦᱟᱨ ᱦᱩᱭᱩᱜ ᱞᱟᱹᱠᱛᱤ ᱠᱟᱱᱟ ᱾
public,bench/clips/public/hi/fleurs-hi_00075_1993.wav,16,2,842,2603,433,3878,2861,4380,0,80.1,अटलांटिक तूफान मौसम का दसवां तूफान उपोष्ण कटिबंधित तूफान जेरी आज अटलांटिक महासागर में बना है,ᱮᱱᱴᱚᱞᱮᱴᱤᱠ ᱦᱚᱨᱤᱠᱮᱱ ᱢᱚᱨᱥᱩᱢ ᱨᱮᱭᱟᱜ ᱜᱮᱞ ᱟᱱᱟᱜ ᱦᱚᱨᱤᱠᱟᱱ ᱩᱯᱼᱴᱨᱟᱢᱯᱤᱠᱮᱞ ᱦᱟᱨᱤᱠᱮᱱ ᱡᱮᱨᱤ ᱛᱮᱦᱮᱧ ᱮᱱᱴᱳᱞᱮᱴᱤᱠ ᱥᱟᱹᱢᱩᱫ ᱨᱮ ᱵᱮᱱᱟᱣ ᱟᱠᱟᱱᱟ ᱾,ᱮᱱᱴᱚᱞᱮᱴᱤᱠ ᱦᱚᱨᱤᱠᱮᱱ ᱢᱚᱨᱥᱩᱢ ᱨᱮᱭᱟᱜ ᱜᱮᱞ ᱟᱱᱟᱜ ᱦᱟᱨᱤᱠᱮᱱ ᱫᱚ ᱦᱩᱭᱩᱜ ᱠᱟᱱᱟ ᱩᱯᱚᱼᱴᱨᱟᱢᱯᱤᱠᱮᱞ ᱾ | ᱦᱟᱨᱤᱠᱮᱱ ᱡᱮᱨᱤ ᱛᱮᱦᱮᱧ ᱮᱱᱴᱚᱞᱮᱴᱤᱠ ᱥᱟᱹᱢᱩᱫ ᱨᱮ ᱵᱮᱱᱟᱣ ᱟᱠᱟᱱᱟ ᱾
public,bench/clips/public/hi/fleurs-hi_00102_1998.wav,26,4,764,2959,461,4183,1663,5489,0,59.4,उनके पैरों में पपड़ियाँ और पंजे हैं वे अंडे देते हैं और वे किसी टी रैक्स की तरह अपने दो पीछे वाले पैरों पर चलते हैं,ᱩᱱᱠᱩᱭᱟᱜ ᱯᱮᱨᱮᱪ ᱨᱮ ᱯᱮᱨᱮᱪᱤ ᱟᱨ ᱯᱮᱨᱮᱪᱟ ᱢᱮᱱᱟᱜᱼᱟ ᱟᱨ ᱩᱱᱠᱩ ᱫᱚ ᱢᱤᱫᱴᱟᱝ ᱴᱤ ᱨᱮᱠᱥ ᱞᱮᱠᱟ ᱩᱱᱠᱩᱭᱟᱜ ᱛᱟᱭᱚᱢ ᱨᱮᱭᱟᱜ ᱵᱟᱨᱭᱟ ᱯᱮᱨᱮᱹᱪ ᱨᱮ ᱪᱟᱞᱟᱣᱚᱜᱼᱟ ᱾,ᱩᱱᱠᱩᱭᱟᱜ ᱯᱮᱨᱮᱪ ᱨᱮ ᱯᱤᱯᱤ ᱾ | ᱟᱨ ᱚᱱᱟ ᱠᱚ ᱦᱩᱭᱩᱜ ᱠᱟᱱᱟ ᱯᱮᱪ ᱡᱟᱦᱟᱸ ᱫᱚ ᱩᱱᱠᱩ ᱫᱚ ᱰᱩᱵᱟᱹ ᱠᱚ ᱮᱢᱼᱟ ᱾ | ᱟᱨ ᱩᱱᱠᱩ ᱫᱚ ᱢᱤᱫᱴᱟᱝ ᱴᱤ ᱨᱮᱠᱥ ᱞᱮᱠᱟ ᱾ | ᱟᱢᱟᱜ ᱛᱟᱭᱚᱢ ᱨᱮᱭᱟᱜ ᱵᱟᱨᱭᱟ ᱯᱮᱨᱮᱪ ᱪᱟᱞᱟᱣ ᱢᱮ ᱾
public,bench/clips/public/hi/fleurs-hi_00114_1741.wav,24,4,878,2018,417,3313,1675,4662,0,84.3,उत्तर की ओर के बड़े क्षेत्र में आबादी बहुत ही कम है और कुछ इलाकों में तो लगभग कोई इंसानी आबादी है ही नहीं,ᱩᱛᱛᱚᱨ ᱨᱮᱭᱟᱜ ᱢᱟᱨᱟᱝ ᱴᱚᱴᱷᱟ ᱨᱮ ᱦᱚᱲ ᱞᱮᱠᱷᱟ ᱟᱹᱰᱤ ᱠᱚᱢ ᱟᱨ ᱠᱤᱪᱷᱩᱠ ᱴᱚᱴᱷᱟ ᱨᱮ ᱚᱱᱢᱟᱱ ᱡᱟᱦᱟᱱ ᱦᱚᱲ ᱞᱮᱠᱷᱟ ᱵᱟᱝ ᱢᱮᱱᱟᱜᱼᱟ ᱾,ᱩᱛᱛᱚᱨ ᱥᱮᱫ ᱨᱮᱭᱟᱜ ᱢᱟᱨᱟᱝ ᱠᱚ ᱾ | ᱱᱚᱶᱟ ᱴᱚᱴᱷᱟ ᱨᱮ ᱦᱚᱲ ᱞᱮᱠᱷᱟ ᱟᱹᱰᱤ ᱠᱚᱢ ᱾ | ᱟᱨ ᱠᱤᱪᱷᱩᱠ ᱴᱚᱴᱷᱟ ᱨᱮ ᱾ | ᱚᱱᱟᱛᱮ ᱚᱱᱢᱟᱱ ᱡᱟᱦᱟᱱ ᱦᱚᱲ ᱞᱮᱠᱷᱟ ᱵᱟᱝ ᱢᱮᱱᱟᱜᱼᱟ ᱾
public,bench/clips/public/hi/fleurs-hi_00122_1747.wav,8,1,624,1824,253,2702,1620,1620,0,100.0,लोना को साथी पहलवानों ने भी श्रद्धांजलि दी,ᱞᱳᱱᱟ ᱫᱚ ᱜᱟᱛᱮ ᱠᱷᱮᱹᱞᱳᱰᱤᱭᱟᱹ ᱠᱚ ᱫᱟᱨᱟᱭ ᱛᱮ ᱢᱟᱹᱱ ᱮᱢ ᱦᱩᱭ ᱟᱠᱟᱱᱟ ᱾,ᱞᱳᱱᱟ ᱫᱚ ᱜᱟᱛᱮ ᱠᱷᱮᱹᱞᱳᱰᱤᱭᱟᱹ ᱠᱚ ᱫᱟᱨᱟᱭ ᱛᱮ ᱢᱟᱹᱱ ᱮᱢ ᱦᱩᱭ ᱟᱠᱟᱱᱟ ᱾
public,bench/clips/public/hi/fleurs-hi_00126_1988.wav,18,2,661,2170,322,3154,2066,3681,0,76.1,नाइनटीन ट्वेंटी के दशक के दौरान ज़्यादातर नागरिकों और देशों में शांतिवाद और अलगाव का नज़रिया प्रचलित था,ᱜᱮᱞᱟᱝ ᱨᱮ ᱡᱟᱹᱥᱛᱤ ᱦᱚᱲ ᱟᱨ ᱫᱤᱥᱚᱢ ᱠᱚ ᱢᱩᱫᱨᱮ ᱥᱩᱛᱚᱱᱛᱤ ᱟᱨ ᱵᱷᱮᱜᱟᱨ ᱨᱮᱭᱟᱜ ᱩᱭᱦᱟᱹᱨ ᱛᱟᱦᱮᱸ ᱠᱟᱱᱟ ᱾,ᱜᱮᱞ ᱜᱮᱞ ᱜᱮᱞ ᱥᱮᱨᱢᱟ ᱨᱮ ᱡᱟᱹᱥᱛᱤ ᱦᱚᱲ ᱜᱮ ᱫᱤᱥᱚᱢ ᱨᱮᱱ ᱦᱚᱲ ᱾ | ᱟᱨ ᱫᱤᱥᱚᱢ ᱠᱚ ᱨᱮ ᱥᱩᱛᱚᱱᱛᱤ ᱟᱨ ᱵᱷᱮᱜᱟᱨ ᱨᱮᱭᱟᱜ ᱩᱭᱦᱟᱹᱨ ᱛᱟᱦᱮᱸ ᱠᱟᱱᱟ ᱾
public,bench/clips/public/hi/fleurs-hi_00127_2007.wav,19,3,775,2774,519,4067,2014,4675,0,76.9,यूएस कॉर्प्स ऑफ इंजीनियर्स ने अंदाजा लगाया कि छह इंच बारिश पहले से क्षतिग्रस्त बाधों को तोड़ सकती है,"ᱤᱭᱩ ᱮᱥ ᱠᱚᱨᱯᱥ ᱚᱯᱷ ᱤᱱᱡᱤᱱᱤᱭᱟᱨᱥ ᱟᱜ ᱟᱭᱩᱢᱟᱹᱱ ᱦᱩᱭᱩᱜ ᱠᱟᱱᱟ ᱡᱮ, ᱛᱩᱨᱩᱭ ᱤᱱᱪᱤ ᱫᱟᱜ ᱢᱟᱲᱟᱝ ᱠᱷᱚᱱ ᱜᱮ ᱜᱷᱟᱹᱞ ᱟᱠᱟᱱ ᱵᱚᱱᱫᱮᱡ ᱠᱚ ᱵᱚᱱᱚᱫᱚᱞ ᱫᱟᱲᱮᱭᱟᱜᱼᱟ ᱾",ᱤᱭᱩ ᱮᱥ ᱠᱚᱨᱯᱥ ᱚᱯᱷ ᱤᱱᱡᱤᱱᱤᱭᱟᱨᱥ ᱟᱜ ᱟᱭᱩᱢᱟᱹᱱ ᱾ | ᱱᱚᱶᱟ ᱢᱟᱲᱟᱝ ᱠᱷᱚᱱ ᱛᱩᱨᱩᱭ ᱤᱱᱪᱤ ᱫᱟᱜᱡᱩᱠᱤ ᱾ | ᱜᱷᱟᱹᱞ ᱟᱠᱟᱱ ᱵᱚᱱᱫᱮᱡ ᱠᱚ ᱵᱚᱱᱚᱫᱚᱞ ᱫᱟᱲᱮᱭᱟᱜᱼᱟ ᱾
public,bench/clips/public/hi/fleurs-hi_00135_1761.wav,24,4,952,2888,484,4324,2250,5600,0,72.7,फोटोग्राफरों ने बाद में एक वृद्ध महिला की जगह ले ली क्योंकि उसे शौचालय जाना ज़रूरी था मडोजा को गोली मार दी गई थी,"ᱯᱷᱳᱴᱳᱜᱨᱟᱯᱷᱟᱨ ᱠᱚ ᱛᱟᱭᱚᱢᱛᱮ ᱢᱤᱫ ᱩᱢᱮᱨᱟᱱ ᱛᱤᱨᱞᱟᱹ ᱟᱜ ᱴᱷᱟᱶᱮ ᱦᱟᱛᱟᱣ ᱞᱮᱫᱟ ᱚᱡᱮ ᱫᱚ ᱩᱱᱤ ᱫᱚ ᱴᱚᱭᱞᱮᱴ ᱨᱮ ᱥᱮᱱ ᱦᱩᱭᱩᱜ ᱛᱟᱦᱮᱸᱫ, ᱢᱮᱰᱳᱡᱟ ᱫᱚ ᱜᱷᱟᱹᱞ ᱞᱮᱱᱟ ᱾",ᱯᱷᱳᱴᱳᱜᱨᱟᱯᱷᱟᱨ ᱠᱚ ᱛᱟᱭᱚᱢᱛᱮ ᱢᱤᱫᱴᱟᱝ ᱠᱚ ᱩᱫᱩᱜ ᱥᱚᱫᱚᱨ ᱞᱮᱫᱟ ᱾ | ᱢᱟᱨᱟᱝ ᱛᱤᱨᱞᱟᱹ ᱟᱜ ᱴᱷᱟᱶᱮ ᱦᱟᱛᱟᱣ ᱞᱮᱫᱟ ᱾ | ᱪᱮᱫᱟᱜ ᱥᱮ ᱩᱱᱤ ᱫᱚ ᱴᱚᱭᱞᱮᱴ ᱨᱮ ᱥᱮᱱ ᱦᱩᱭᱩᱜ ᱞᱟᱹᱠᱛᱤ ᱛᱟᱦᱮᱸ ᱠᱟᱱᱟ ᱾ | ᱢᱮᱰᱳᱡᱟ ᱫᱚ ᱜᱷᱟᱹᱞ ᱞᱮᱱᱟ ᱾
public,bench/clips/public/hi/fleurs-hi_00141_1692.wav,17,2,936,2428,573,3936,3280,4299,0,85.5,जापान की परमाणु एजेंसी के अनुसार प्लांट में रेडियोधर्मी सीजियम और आयोडीिन की पहचान की गई है,"ᱡᱚᱯᱚᱱ ᱨᱮᱭᱟᱜ ᱱᱤᱭᱩᱠᱞᱤᱭᱟᱨ ᱮᱡᱮᱱᱥᱤ ᱟᱜ ᱠᱟᱛᱷᱟ ᱞᱮᱠᱟᱛᱮ, پلانᱴ ᱨᱮ ᱨᱮᱰᱤᱣᱳᱭᱮᱴᱤᱠ ᱥᱤᱡᱤᱭᱟᱢ ᱟᱨ ᱟᱭᱳᱰᱤᱱ ᱪᱤᱱᱦᱟᱹ ᱦᱩᱭ ᱟᱠᱟᱱᱟ ᱾","ᱡᱚᱯᱚᱱ ᱨᱮᱭᱟᱜ ᱱᱤᱭᱩᱠᱞᱤᱭᱟᱨ ᱮᱡᱮᱱᱥᱤ ᱞᱮᱠᱟᱛᱮ, پلانᱴ ᱨᱮ ᱨᱮᱰᱤᱣᱳᱭᱮᱴᱤᱠ ᱥᱤᱡᱤᱭᱟᱢ ᱢᱮᱱᱟᱜᱼᱟ ᱾ | ᱟᱨ ᱟᱭᱳᱰᱤᱱ ᱪᱤᱱᱦᱟᱹ ᱦᱩᱭ ᱟᱠᱟᱱᱟ ᱾"
public,bench/clips/public/hi/fleurs-hi_00145_1988.wav,19,2,811,2219,422,3452,2025,3463,0,89.8,उन्नीस सौ बीस के दशक के दौरान ज़्यादातर नागरिकों और देशों में शांतिवाद और अलगाव का नजरिया प्रचलित था,ᱜᱮᱞ ᱜᱮᱞ ᱜᱮᱞ ᱵᱟᱨ ᱜᱮᱞ ᱜᱮᱞ ᱥᱮᱨᱢᱟ ᱨᱮ ᱡᱟᱹᱥᱛᱤ ᱦᱚᱲ ᱟᱨ ᱫᱤᱥᱚᱢ ᱠᱚ ᱢᱩᱫᱨᱮ ᱥᱩᱛᱚᱱᱛᱤ ᱟᱨ ᱵᱷᱮᱜᱟᱨ ᱨᱮᱭᱟᱜ ᱩᱭᱦᱟᱹᱨ ᱛᱟᱦᱮᱸ ᱠᱟᱱᱟ ᱾,ᱜᱮᱞ ᱜᱮᱞ ᱜᱮᱞ ᱵᱟᱨ ᱜᱮᱞ ᱜᱮᱞ ᱥᱮᱨᱢᱟ ᱨᱮ ᱡᱟᱹᱥᱛᱤ ᱦᱚᱲ ᱜᱮ ᱾ | ᱟᱨ ᱫᱤᱥᱚᱢ ᱠᱚ ᱨᱮ ᱥᱩᱛᱚᱱᱛᱤ ᱟᱨ ᱵᱷᱮᱜᱟᱨ ᱨᱮᱭᱟᱜ ᱩᱭᱦᱟᱹᱨ ᱛᱟᱦᱮᱸ ᱠᱟᱱᱟ ᱾
public,bench/clips/public/hi/fleurs-hi_00148_1891.wav,15,2,492,2331,445,3268,1758,3093,0,60.1,लखा सिंह ने छप्पन भोग भजन भी प्रस्तुत किया गायक राजू खंडेलवाल उनके साथ थे,"ᱞᱚᱠᱦᱟ ᱥᱤᱝ ᱫᱚ ᱪᱚᱯᱟᱱ ᱵᱷᱳᱜ ᱵᱷᱚᱡᱚᱱ ᱮ ᱥᱮᱨᱮᱧ ᱞᱮᱫᱟ, ᱥᱮᱨᱮᱧ ᱠᱟᱹᱨᱤᱜᱚᱞ ᱨᱟᱡᱩ ᱠᱷᱟᱱᱰᱮᱞᱣᱟᱞ ᱩᱱᱤ ᱥᱟᱶᱛᱮ ᱮ ᱛᱟᱦᱮᱸ ᱠᱟᱱᱟ ᱾",ᱞᱟᱠᱷᱟ ᱥᱤᱝ ᱟᱜ ᱪᱚᱯᱟᱱ ᱵᱷᱳᱜ ᱵᱷᱚᱡᱚᱱ ᱦᱚᱸ ᱾ | ᱥᱮᱨᱮᱧ ᱠᱟᱹᱨᱤᱜᱚᱞ ᱨᱟᱡᱩ ᱠᱷᱟᱱᱰᱮᱞᱣᱟᱞ ᱩᱱᱤ ᱥᱟᱶ ᱮ ᱛᱟᱸᱦᱮ ᱠᱟᱱᱟ ᱾
public,bench/clips/public/hi/fleurs-hi_00150_1691.wav,23,3,799,2474,527,3800,2383,4862,0,81.7,चनिंदा रूट पर बड़ी कंपनियों के खुद के विमान हैं लेकिन अन्य रूट पर और छोटी फॉम के लिए यह एक समस्या है,ᱪᱟᱹᱱᱤᱱᱫᱟ ᱰᱟᱦᱟᱨ ᱨᱮ ᱢᱟᱨᱟᱝ ᱠᱳᱢᱯᱟᱱᱤ ᱠᱚᱣᱟᱜ ᱟᱡᱟᱜ ᱵᱤᱨᱚᱛᱚᱛᱚᱛ ᱢᱮᱱᱟᱜᱼᱟ ᱢᱮᱱᱠᱷᱟᱱ ᱮᱴᱟᱜ ᱰᱟᱦᱟᱨ ᱨᱮ ᱟᱨ ᱦᱩᱰᱤᱧ ᱯᱷᱚᱢ ᱠᱚ ᱞᱟᱹᱜᱤᱫ ᱱᱚᱶᱟ ᱫᱚ ᱢᱤᱫᱴᱟᱝ ᱟᱱᱟᱴ ᱠᱟᱱᱟ ᱾,ᱪᱟᱹᱱᱰᱟ ᱨᱩᱴ ᱨᱮ ᱢᱟᱨᱟᱝ ᱠᱳᱢᱯᱟᱱᱤ ᱠᱚᱣᱟᱜ ᱟᱡᱟᱜ ᱵᱤᱨᱚᱛᱚᱛᱚᱛ ᱢᱮᱱᱟᱜᱼᱟ ᱾ | ᱢᱮᱱᱠᱷᱟᱱ ᱮᱴᱟᱜ ᱮᱴᱟᱜ ᱰᱟᱦᱟᱨ ᱨᱮ ᱾ | ᱟᱨ ᱦᱩᱰᱤᱧ ᱯᱷᱚᱨᱢ ᱠᱚ ᱞᱟᱹᱜᱤᱫ ᱱᱚᱶᱟ ᱫᱚ ᱢᱤᱫᱴᱟᱝ ᱟᱱᱟᱴ ᱠᱟᱱᱟ ᱾
public,bench/clips/public/hi/fleurs-hi_00157_1918.wav,24,4,774,3401,622,4797,2262,6142,0,68.8,सुंदरबन को यूनेस्को द्वारा विश्वधरोहर घोषित किया गया है जंगल का वह हिस्सा जो भारत में है उसको सुंदरबन नेशनल पार्क कहा जाता है,"ᱥᱩᱵᱚᱨᱵᱚᱱᱫᱚ ᱫᱚ ᱤᱭᱩᱱᱮᱥᱠᱳ ᱫᱟᱨᱟᱭ ᱛᱮ ᱡᱮᱜᱮᱫ ᱨᱮᱭᱟᱜ ᱫᱷᱚᱨᱚᱢ ᱴᱷᱟᱶ ᱞᱮᱠᱟᱛᱮ ᱩᱪᱷᱟᱹᱱ ᱟᱠᱟᱱᱟ, ᱵᱷᱟᱨᱚᱛ ᱨᱮᱭᱟᱜ ᱵᱤᱨ ᱨᱮᱭᱟᱜ ᱚᱱᱟ ᱦᱤᱸᱥ ᱫᱚ ᱥᱩᱵᱚᱨᱵᱟᱱᱫᱚ ᱡᱟᱹᱛᱤᱭᱟᱹᱨᱤ ᱵᱟᱜᱣᱟᱱ ᱧᱩᱛᱩᱢ ᱛᱮ ᱩᱯᱨᱩᱢᱟ ᱾","ᱥᱩᱵᱚᱨᱵᱚᱱ ᱫᱚ ᱤᱭᱩᱱᱮᱥᱠᱳ ᱫᱟᱨᱟᱭ ᱛᱮ ᱡᱮᱜᱮᱫ ᱫᱷᱚᱨᱚᱢ ᱞᱮᱠᱟᱛᱮ ᱩᱪᱷᱟᱹᱱ ᱟᱠᱟᱱᱟ ᱾ | ᱵᱤᱨ ᱨᱮᱭᱟᱜ ᱚᱱᱟ ᱦᱤᱸᱥ ᱠᱚᱨᱟᱣ ᱦᱩᱭ ᱟᱠᱟᱱᱟ ᱾ | ᱵᱷᱟᱨᱚᱛ ᱨᱮ ᱡᱟᱦᱟᱸ ᱢᱮᱱᱟᱜ ᱟ, ᱚᱱᱟ ᱞᱟᱹᱜᱤᱫ ᱾ | ᱥᱩᱱᱫᱚᱨᱵᱚᱱ ᱡᱟᱹᱛᱤᱭᱟᱹᱨᱤ ᱵᱟᱜᱣᱟᱱ ᱧᱩᱛᱩᱢ ᱛᱮ ᱩᱯᱨᱩᱢᱟ ᱾"
public,bench/clips/public/hi/fleurs-hi_00159_1941.wav,16,2,683,2079,319,3081,2160,3098,0,81.0,ये जोड़े अपने बच्चे के लिए गोद लेने की योजना बनाने का विकल्प चुन सकते हैं,ᱱᱚᱶᱟ ᱡᱩᱨᱤᱯᱟᱹᱨᱤ ᱠᱚ ᱩᱱᱠᱩ ᱨᱮᱱ ᱜᱤᱫᱽᱨᱟᱹ ᱠᱚ ᱞᱟᱹᱜᱤᱫ ᱢᱤᱫᱴᱟᱝ ᱦᱟᱛᱟᱣ ᱨᱮᱭᱟᱜ ᱩᱭᱦᱟᱹᱨ ᱦᱟᱛᱟᱣ ᱫᱟᱲᱮᱭᱟᱜᱼᱟ ᱾,ᱱᱚᱶᱟ ᱡᱩᱨᱤᱯᱟᱹᱨᱤ ᱫᱚ ᱩᱱᱠᱩ ᱨᱮᱱ ᱜᱤᱫᱽᱨᱟᱹ ᱠᱚ ᱞᱟᱹᱜᱤᱫ ᱰᱟᱣᱩᱱᱞᱳᱰ ᱠᱚ ᱮᱢ ᱞᱮᱫᱟ ᱾ | ᱦᱟᱛᱟᱣ ᱨᱮᱭᱟᱜ ᱩᱭᱦᱟᱹᱨ ᱦᱟᱛᱟᱣ ᱫᱟᱲᱮᱭᱟᱜᱼᱟ ᱾
public,bench/clips/public/hi/fleurs-hi_00162_1876.wav,21,3,887,2490,434,3812,2797,5464,0,76.9,उत्तरी मेरियंस इमरजेंसी प्रबंधन कार्यालय की ओर से कहा गया कि राष्ट्र में नुकसान की कोई सूचना प्राप्त नहीं हुई थी,"ᱩᱛᱛᱚᱨ ᱢᱮᱨᱤᱱᱥ ᱮᱢᱟᱨᱡᱮᱱᱥ ᱢᱮᱱᱮᱡᱢᱮᱱᱴ ᱚᱯᱷᱤᱥ ᱞᱟᱹᱭ ᱟᱠᱟᱫᱟ ᱡᱮ, ᱫᱤᱥᱚᱢ ᱨᱮ ᱡᱟᱦᱟᱱ ᱦᱟᱹᱱ ᱨᱮᱭᱟᱜ ᱰᱚᱜᱚᱨ ᱵᱟᱝ ᱧᱟᱢ ᱟᱠᱟᱱᱟ ᱾",ᱩᱛᱛᱚᱨ ᱢᱮᱨᱤᱱᱥ ᱮᱢᱟᱨᱡᱮᱱᱥ ᱢᱮᱱᱮᱡᱢᱮᱱᱴ ᱚᱯᱷᱤᱥ ᱞᱟᱹᱭ ᱟᱠᱟᱫᱟ ᱾ | ᱡᱟᱦᱟᱸ ᱫᱚ ᱫᱤᱥᱚᱢ ᱨᱮᱭᱟᱜ ᱦᱟᱹᱱ ᱾ | ᱡᱟᱦᱟᱱ ᱰᱚᱜᱚᱨ ᱵᱟᱝ ᱧᱟᱢ ᱟᱠᱟᱱᱟ ᱾
public,bench/clips/public/hi/fleurs-hi_00165_1754.wav,18,2,934,5968,413,7316,2972,4563,0,56.2,पपड़ी पतली होने के कारण आसपास पर कई मारियां होंगी लावा के लिए सतह पर बढ़ना आसान था,"ᱪᱚᱞᱟᱹ ᱫᱚ ᱦᱩᱰᱤᱧ ᱦᱩᱭ ᱞᱮᱱᱛᱮ ᱥᱳᱨᱥᱳᱯᱳᱨ ᱨᱮ ᱟᱭᱢᱟ ᱜᱷᱟᱹᱞ ᱦᱳᱭᱳᱜᱼᱟ, ᱡᱟᱦᱟᱸ ᱫᱚ ᱞᱮᱵᱷᱟ ᱞᱟᱹᱜᱤᱫ ᱚᱛ ᱨᱮ ᱯᱟᱥᱱᱟᱣ ᱫᱚ ᱟᱞᱜᱟᱼᱟ ᱾",ᱪᱚᱞᱟᱹ ᱫᱚ ᱦᱩᱰᱤᱧ ᱦᱩᱭ ᱞᱮᱱᱛᱮ ᱥᱳᱨᱥᱳᱯᱳᱨ ᱨᱮ ᱟᱭᱢᱟ ᱜᱷᱟᱹᱞ ᱦᱩᱭ ᱟᱠᱟᱱᱟ ᱾ | ᱦᱤᱭᱮᱱ ᱞᱮᱵᱷᱟ ᱪᱮᱛᱟᱱ ᱨᱮ ᱪᱟᱞᱟᱣ ᱞᱟᱹᱜᱤᱫ ᱟᱹᱰᱤ ᱟᱞᱜᱟ ᱛᱟᱦᱮᱸ ᱠᱟᱱᱟ ᱾
public,bench/clips/public/hi/fleurs-hi_00166_1679.wav,15,2,764,1983,244,2991,1870,2726,0,56.9,एरो स्मिथ ने अपने दौरे के अपने से संगीत कार्यक्रमों को रद्द कर दिया है,ᱮᱨᱳ ᱥᱢᱤᱛ ᱫᱚ ᱟᱡᱟᱜ ᱴᱩᱨ ᱠᱷᱚᱱ ᱠᱚᱱᱥᱟᱨᱴ ᱠᱚ ᱵᱚᱱᱚᱫᱚᱞ ᱟᱠᱟᱫᱟ ᱾,ᱮᱨᱳ ᱥᱢᱤᱛ ᱟᱡᱟᱜ ᱴᱨᱤᱯ ᱠᱷᱚᱱ ᱾ | ᱠᱚᱱᱥᱟᱨᱴ ᱠᱚ ᱵᱚᱱᱚᱫᱚᱞ ᱦᱩᱭ ᱟᱠᱟᱱᱟ ᱾
public,bench/clips/public/hi/fleurs-hi_00173_1823.wav,25,4,792,2518,533,3843,2248,7353,0,68.6,यातायात भाव दो बिंदुओं के बीच व्यक्तिगत चालकों और वाहनों की गतिविधि और एक दूसरे के साथ की जाने वाली पारस्परिक क्रिया का अध्ययन है,ᱴᱨᱟᱯᱷᱤᱠ ᱨᱮᱭᱟᱜ ᱪᱤᱱᱦᱟᱹ ᱫᱚ ᱦᱩᱭᱩᱜ ᱠᱟᱱᱟ ᱵᱟᱨᱭᱟ ᱛᱟᱞᱢᱟ ᱢᱩᱫᱨᱮ ᱵᱮᱼᱵᱟᱹᱛᱤᱞ ᱰᱨᱟᱭᱵᱷᱟᱨ ᱟᱨ ᱜᱟᱹᱰᱤ ᱨᱮᱭᱟᱜ ᱠᱟᱹᱢᱤ ᱦᱚᱨᱟ ᱟᱨ ᱢᱤᱫ ᱮᱴᱟᱜ ᱥᱟᱶ ᱡᱳᱜᱟᱡᱳᱜ ᱨᱮᱭᱟᱜ ᱵᱤᱪᱷᱱᱟᱶ ᱾,ᱴᱨᱟᱯᱷᱤᱠ ᱨᱮᱭᱟᱜ ᱪᱤᱱᱦᱟᱹ ᱫᱚ ᱦᱩᱭᱩᱜ ᱠᱟᱱᱟ ᱵᱟᱨᱭᱟ ᱛᱟᱞᱢᱟ ᱢᱩᱫᱨᱮ ᱵᱷᱮᱜᱟᱨ ᱰᱨᱟᱭᱵᱷᱟᱨ ᱾ | ᱟᱨ ᱜᱟᱹᱰᱤ ᱨᱮᱭᱟᱜ ᱠᱟᱹᱢᱤ ᱦᱚᱨᱟ ᱾ | ᱟᱨ ᱢᱤᱫ ᱦᱚᱲ ᱟᱨ ᱢᱤᱫ ᱦᱚᱲᱟᱜ ᱥᱟᱞᱟᱜ ᱮ ᱠᱚᱨᱟᱣ ᱞᱮᱫᱟ ᱾ | ᱪᱟᱞᱟᱣᱚᱜ ᱠᱟᱱ ᱡᱳᱜᱟᱡᱳᱜ ᱨᱮᱭᱟᱜ ᱢᱤᱫᱴᱟᱝ ᱵᱤᱰᱟᱹᱣᱟᱱ ᱾
public,bench/clips/public/hi/fleurs-hi_00174_1880.wav,15,2,744,2647,347,3739,1972,3698,0,70.5,इस प्रकार जब पेंसिल आई तो यह कई लोगों के लिए एक अच्छी दोस्त थी,ᱱᱚᱶᱟ ᱞᱮᱠᱟᱛᱮ ᱯᱮᱱᱥᱤᱞ ᱦᱮᱡ ᱚᱠᱛᱚ ᱟᱭᱢᱟ ᱦᱚᱲ ᱠᱚ ᱞᱟᱹᱜᱤᱫ ᱱᱚᱶᱟ ᱫᱚ ᱢᱤᱫᱴᱟᱝ ᱱᱟᱯᱟᱭ ᱜᱟᱛᱮ ᱛᱟᱦᱮᱸ ᱠᱟᱱᱟ ᱾,ᱱᱚᱶᱟ ᱞᱮᱠᱟᱛᱮ ᱯᱮᱱᱥᱤᱞ ᱦᱮᱡ ᱞᱮᱱ ᱠᱷᱟᱱ ᱾ | ᱚᱱᱟᱛᱮ ᱱᱚᱶᱟ ᱫᱚ ᱟᱭᱢᱟ ᱦᱚᱲ ᱠᱚ ᱞᱟᱹᱜᱤᱫ ᱢᱤᱫᱴᱟᱝ ᱱᱟᱯᱟᱭ ᱜᱟᱛᱮ ᱾
public,bench/clips/public/hi/fleurs-hi_00178_1754.wav,17,2,914,2633,421,3967,2148,3573,0,62.1,पपड़ी पतली होने के कारण आसपास पर कईमारियां होंगी लावा के लिए सतह पर बढ़ना आसान था,"ᱪᱚᱞᱟᱹ ᱫᱚ ᱦᱩᱰᱤᱧ ᱦᱩᱭᱩᱜ ᱚᱡᱮᱛᱮ ᱥᱳᱨᱥᱳᱯᱳᱨ ᱟᱭᱢᱟ ᱞᱮᱠᱟᱱ ᱦᱳᱭᱳᱜᱼᱟ, ᱞᱮᱵᱷᱟ ᱪᱮᱛᱟᱱ ᱨᱮ ᱯᱟᱥᱱᱟᱣ ᱞᱟᱹᱜᱤᱫ ᱟᱹᱰᱤ ᱟᱞᱜᱟ ᱦᱩᱭᱩᱜᱼᱟ ᱾",ᱪᱚᱞᱟᱹ ᱫᱚ ᱦᱩᱰᱤᱧ ᱦᱩᱭ ᱞᱮᱱᱛᱮ ᱥᱳᱨᱥᱳᱯᱳᱨ ᱟᱭᱢᱟ ᱞᱮᱠᱟᱱ ᱾ | ᱦᱤᱭᱮᱱ ᱞᱮᱵᱷᱟ ᱪᱮᱛᱟᱱ ᱨᱮ ᱪᱟᱞᱟᱣ ᱞᱟᱹᱜᱤᱫ ᱟᱹᱰᱤ ᱟᱞᱜᱟ ᱛᱟᱦᱮᱸ ᱠᱟᱱᱟ ᱾
public,bench/clips/public/hi/fleurs-hi_00183_1838.wav,17,3,487,2355,316,3157,1701,2989,0,70.5,गीजा में मौजूद ग्रेट पिरामिड सात अजूबा में से केवल एक है जो आज भी खड़ा है,ᱜᱤᱡᱟ ᱨᱮ ᱢᱮᱱᱟᱜ ᱮᱭᱟᱭ ᱜᱚᱴᱟᱝ ᱚᱵᱷᱟᱵᱽ ᱢᱩᱫᱽᱨᱮ ᱥᱩᱢᱩᱝ ᱢᱤᱫᱴᱟᱝ ᱜᱨᱮᱴ ᱯᱨᱤᱢᱤᱰ ᱱᱤᱛᱦᱚᱸ ᱢᱮᱱᱟᱜᱼᱟ ᱾,ᱜᱤᱡᱟ ᱨᱮ ᱢᱮᱱᱟᱜ ᱜᱨᱮᱴ ᱯᱨᱤᱢᱤᱰ ᱮᱭᱟᱭ ᱜᱚᱴᱟᱝ ᱾ | ᱱᱚᱶᱟ ᱫᱚ ᱥᱩᱢᱩᱝ ᱢᱤᱫᱴᱟᱝ ᱚᱵᱷᱟᱵᱽ ᱠᱟᱱᱟ ᱾ | ᱡᱟᱦᱟᱸ ᱫᱚ ᱱᱤᱛᱦᱚᱸ ᱢᱮᱱᱟᱜᱼᱟ ᱾
public,bench/clips/public/hi/fleurs-hi_00185_1762.wav,19,3,719,1662,263,2645,1562,2996,0,83.1,यह बीमारी सुअरों के कारण होती है जो बाद में मच्छरों के माध्यम से मनुष्यों में आ जाती है,ᱱᱚᱶᱟ ᱨᱳᱜᱽ ᱫᱚ ᱜᱩᱨ ᱚᱡᱮᱛᱮ ᱦᱳᱭᱳᱜᱼᱟ ᱡᱟᱦᱟᱸ ᱛᱟᱭᱚᱢᱛᱮ ᱢᱳᱥᱚᱠ ᱛᱟᱞᱟᱛᱮ ᱦᱚᱲ ᱠᱚ ᱴᱷᱮᱱ ᱦᱮᱡᱚᱜᱼᱟ ᱾,ᱱᱚᱶᱟ ᱨᱳᱜᱽ ᱫᱚ ᱜᱩᱨ ᱚᱡᱮᱛᱮ ᱦᱳᱭᱳᱜᱼᱟ ᱾ | ᱡᱟᱦᱟᱸ ᱫᱚ ᱛᱟᱭᱚᱢᱛᱮ ᱢᱳᱥᱚᱠ ᱠᱚ ᱞᱟᱹᱜᱤᱫ ᱾ | ᱩᱯᱟᱹᱭ ᱛᱟᱞᱟᱛᱮ ᱦᱚᱲ ᱠᱚ ᱴᱷᱮᱱ ᱦᱮᱡᱚᱜᱼᱟ ᱾
public,bench/clips/public/hi/fleurs-hi_00188_1757.wav,24,4,720,1579,357,2655,1342,3614,0,61.4,केवल जर्म लाइन कोशिका में वृद्धिपतों तक पहुंच सकती जकि अनन््य होने वाली वृद्धि से कोशिकाएं नष्ट कर सकती है यह अपन समझता है,ᱥᱩᱢᱩᱝ ᱡᱟᱨᱢ ᱞᱟᱭᱤᱱ ᱠᱳᱥ ᱨᱮᱭᱟᱜ ᱵᱟᱹᱲᱛᱤ ᱨᱮ ᱥᱮᱴᱮᱨ ᱫᱟᱲᱮᱭᱟᱜᱼᱟ ᱡᱟᱦᱟᱸ ᱫᱚ ᱮᱴᱟᱜ ᱞᱮᱠᱟᱱ ᱵᱟᱹᱲᱛᱤ ᱛᱟᱞᱟᱛᱮ ᱠᱳᱥ ᱠᱚ ᱜᱚᱡ ᱫᱟᱲᱮᱭᱟᱜᱼᱟ ᱾,ᱥᱩᱢᱩᱝ ᱡᱟᱨᱢ ᱞᱟᱭᱤᱱ ᱠᱳᱥ ᱨᱮ ᱾ | ᱮᱴᱟᱜ ᱞᱮᱠᱟᱱ ᱵᱟᱹᱲᱛᱤᱣᱟᱱ ᱠᱚ ᱴᱷᱮᱱ ᱥᱮᱴᱮᱨ ᱫᱟᱲᱮᱭᱟᱜᱼᱟ ᱾ | ᱡᱟᱱᱟᱢ ᱨᱮᱭᱟᱜ ᱚᱡᱮᱛᱮ ᱠᱳᱥ ᱠᱚ ᱜᱚᱡᱚᱜᱼᱟ ᱾ | ᱱᱚᱶᱟ ᱫᱚ ᱟᱢᱟᱜ ᱢᱚᱱᱮ ᱦᱩᱭ ᱫᱟᱲᱮᱭᱟᱜᱼᱟ ᱾
public,bench/clips/public/hi/fleurs-hi_00190_1885.wav,18,2,751,1824,251,2826,1593,2402,0,69.0,दस से ग्यारह बजे एम डी टी के बीच यार्ड में कैदियों द्वारा आग लगा दी गई थी,ᱜᱮᱞ ᱠᱷᱚᱱ ᱜᱮᱞ ᱜᱮᱞ ᱴᱟᱲᱟᱝ ᱢᱩᱫᱨᱮ ᱮᱢ ᱰᱤ ᱴᱤ ᱢᱩᱫᱨᱮ ᱤᱭᱟᱨᱰ ᱨᱮ ᱡᱮᱦᱟᱹᱞᱤᱭᱟᱹ ᱠᱚ ᱫᱟᱨᱟᱭ ᱛᱮ ᱜᱷᱟᱹᱞ ᱞᱮᱱᱟ ᱾,ᱜᱮᱞ ᱠᱷᱚᱱ ᱜᱮᱞ ᱜᱮᱞ ᱴᱟᱲᱟᱝ ᱢᱩᱫᱨᱮ ᱮᱢ ᱰᱤ ᱴᱤ ᱾ | ᱚᱲᱟᱜ ᱚᱲᱟᱜ ᱨᱮᱱ ᱠᱚ ᱫᱟᱨᱟᱭ ᱛᱮ ᱜᱷᱟᱹᱞ ᱞᱮᱱᱟ ᱾
public,bench/clips/public/hi/fleurs-hi_00192_1912.wav,21,3,847,1852,322,3020,1593,3373,0,75.9,अधिकांश छोटे द्वीप स्वतंत्र राष्ट्र हैं या फ्रांस से संबंधित हैं और लग्ज़री बीच रििसॉर्ट के रूप में जाने जाते हैं,ᱟᱭᱢᱟᱜᱟᱱ ᱦᱩᱰᱤᱧ ᱰᱷᱤᱯ ᱜᱮ ᱯᱷᱩᱨᱜᱟᱹᱞ ᱫᱤᱥᱚᱢ ᱥᱮ ᱯᱷᱮᱨᱟᱱᱥ ᱨᱮᱭᱟᱜ ᱟᱨ ᱱᱚᱶᱟ ᱫᱚ ᱞᱩᱡᱩᱨᱤ ᱵᱤᱪ ᱨᱤᱥᱳᱨᱴ ᱧᱩᱛᱩᱢ ᱛᱮ ᱩᱯᱨᱩᱢᱟ ᱾,ᱟᱭᱢᱟᱜᱟᱱ ᱦᱩᱰᱤᱧ ᱰᱷᱤᱯ ᱠᱚᱫᱚ ᱯᱷᱩᱨᱜᱟᱹᱞ ᱫᱤᱥᱚᱢ ᱾ | ᱵᱟᱝᱠᱷᱟᱱ ᱯᱷᱮᱨᱟᱱᱥ ᱥᱟᱶ ᱥᱮᱞᱮᱫ ᱢᱮᱱᱟᱜᱼᱟ ᱾ | ᱟᱨ ᱱᱚᱶᱟ ᱫᱚ ᱞᱩᱡᱩᱨᱤ ᱵᱤᱪ ᱨᱤᱥᱳᱨᱴ ᱧᱩᱛᱩᱢ ᱛᱮ ᱩᱯᱨᱩᱢᱟ ᱾
public,bench/clips/public/hi/fleurs-hi_00217_1745.wav,19,3,924,2242,430,3597,1934,3481,0,67.9,प्राकृतिक वातावरण में पौधे सबसे अच्छे दिखेते हैं इसलिए सिर्फ एक नमूने को भी हटाने के प्रलोभन को रोकेें,ᱥᱮᱨᱣᱟ ᱟᱱᱟᱜ ᱦᱚᱭᱦᱩᱫᱤᱥ ᱨᱮ ᱚᱛᱢᱚᱱ ᱠᱚ ᱡᱚᱛᱚ ᱠᱷᱚᱱ ᱥᱚᱨᱮᱥ ᱧᱮᱞᱚᱜᱼᱟ ᱚᱱᱟᱛᱮ ᱥᱩᱢᱩᱝ ᱢᱤᱫᱴᱟᱝ ᱪᱤᱱᱦᱟᱹ ᱦᱚᱸ ᱵᱚᱱᱚᱫᱚᱞ ᱨᱮᱭᱟᱜ ᱞᱟᱹᱞᱤᱥ ᱵᱚᱱᱚᱫᱮᱞ ᱢᱮ ᱾,ᱥᱮᱨᱣᱟ ᱟᱱᱟᱜ ᱦᱚᱭᱦᱩᱫᱤᱥ ᱨᱮ ᱚᱛᱢᱚᱱ ᱠᱚ ᱥᱚᱨᱮᱥ ᱧᱮᱞᱚᱜᱼᱟ ᱾ | ᱚᱱᱟᱛᱮ ᱥᱩᱢᱩᱝ ᱢᱤᱫᱴᱟᱝ ᱥᱚᱢᱯᱮᱞ ᱦᱚᱸ ᱾ | ᱰᱤᱞᱤᱴ ᱨᱮᱭᱟᱜ ᱞᱟᱹᱞᱤᱥ ᱵᱚᱱᱚᱫᱚᱞ ᱢᱮ ᱾
public,bench/clips/public/hi/fleurs-hi_00226_1917.wav,17,2,806,1670,343,2819,1448,2517,0,65.9,रोम में अलग अलग जगहों पर कई बड़े टेलीविज़न स्क्रीन लगाए गए ताकि लोग समारोह देख सकें,ᱨᱩᱢ ᱨᱮᱭᱟᱜ ᱟᱭᱢᱟ ᱴᱷᱟᱶ ᱨᱮ ᱟᱭᱢᱟ ᱢᱟᱨᱟᱝ ᱴᱮᱞᱤᱵᱷᱤᱥᱚᱱ ᱥᱠᱨᱤᱱ ᱛᱷᱟᱯᱚᱱ ᱦᱩᱭ ᱟᱠᱟᱱᱟ ᱡᱟᱦᱟᱸᱛᱮ ᱦᱚᱲ ᱠᱚ ᱟᱠᱷᱲᱟ ᱠᱚ ᱧᱮᱞ ᱫᱟᱲᱮᱹᱭᱟᱜᱼᱟ ᱾,ᱨᱩᱢ ᱨᱮᱭᱟᱜ ᱟᱭᱢᱟ ᱴᱷᱟᱶ ᱨᱮ ᱟᱭᱢᱟ ᱢᱟᱨᱟᱝ ᱾ | ᱦᱚᱲ ᱠᱚ ᱟᱠᱷᱲᱟ ᱠᱚ ᱧᱮᱞ ᱞᱟᱹᱜᱤᱫ ᱛᱮ ᱴᱮᱞᱤᱵᱷᱤᱥᱚᱱ ᱥᱠᱨᱤᱱ ᱠᱚ ᱛᱷᱟᱯᱚᱱ ᱞᱮᱫᱟ ᱾
public,bench/clips/public/hi/fleurs-hi_00227_2002.wav,17,2,726,1979,343,3048,1993,2890,0,81.5,यह डिवाइस को हवा में मूव करके खिलाड़ियों को एक्शन और मूवमेंट कंट्रोल करने की अनुमति देगा,ᱱᱚᱶᱟ ᱫᱚ ᱠᱷᱮᱞᱳᱰᱤᱭᱟᱹ ᱠᱚ ᱰᱩᱭᱤᱥ ᱫᱚ ᱦᱚᱭ ᱨᱮ ᱪᱟᱞᱟᱣ ᱠᱟᱛᱮ ᱮᱠᱥᱚᱱ ᱟᱨ ᱪᱟᱞᱟᱣᱟᱱ ᱥᱟᱢᱲᱟᱣ ᱨᱮᱭᱟᱜ ᱪᱷᱟᱹᱲ ᱮ ᱮᱢᱼᱟ ᱾,ᱱᱚᱶᱟ ᱫᱚ ᱰᱩᱭᱤᱥ ᱫᱚ ᱦᱚᱭ ᱨᱮ ᱪᱟᱞᱟᱣ ᱠᱟᱛᱮ ᱠᱷᱮᱞᱳᱰᱤᱭᱟᱹ ᱠᱚ ᱞᱟᱹᱜᱤᱫ ᱮᱠᱥᱚᱱ ᱾ | ᱟᱨ ᱪᱟᱞᱟᱣᱟᱱ ᱥᱟᱢᱲᱟᱣ ᱨᱮᱭᱟᱜ ᱪᱷᱟᱹᱲ ᱮᱢᱼᱟ ᱾
public,bench/clips/public/hi/fleurs-hi_00232_1679.wav,14,2,737,1442,250,2430,1484,2174,0,56.7,एरोस्मिथ ने अपने दौरे के अपने शेष संगीत कार्यक्रमों को रद्द कर दिया है,ᱮᱨᱳᱥᱢᱤᱛ ᱫᱚ ᱟᱡᱟᱜ ᱴᱩᱨ ᱨᱮᱭᱟᱜ ᱮᱴᱟᱜ ᱠᱚᱱᱥᱟᱨᱴ ᱠᱚ ᱵᱚᱱᱚᱫᱚᱞ ᱟᱠᱟᱫᱟ ᱾,ᱮᱨᱳᱥᱤᱢᱤᱛ ᱫᱚ ᱟᱡᱟᱜ ᱮᱴᱟᱜ ᱥᱟᱸᱜᱷᱟᱨ ᱨᱮ ᱾ | ᱠᱚᱱᱥᱟᱨᱴ ᱠᱚ ᱵᱚᱱᱚᱫᱚᱞ ᱦᱩᱭ ᱟᱠᱟᱱᱟ ᱾
public,bench/clips/public/hi/fleurs-hi_00237_1891.wav,15,2,350,1944,366,2660,1289,2245,0,65.0,ल्खा सिंह ने छप्पन भोग भजन भी प्रस्तुत किए गायक राजू खंडेलवाल उनके साथ थे,"ᱞᱚᱠᱠᱷᱟ ᱥᱤᱝ ᱫᱚ ᱪᱚᱯᱟᱱ ᱵᱷᱳᱜ ᱵᱷᱚᱡᱚᱱ ᱮ ᱥᱮᱨᱮᱧ ᱞᱮᱫᱟ, ᱥᱮᱨᱮᱧ ᱠᱟᱹᱨᱤᱜᱚᱞ ᱨᱟᱡᱩ ᱠᱷᱟᱱᱰᱮᱞᱣᱟᱞ ᱩᱱᱤ ᱥᱟᱶᱛᱮ ᱮ ᱛᱟᱦᱮᱸ ᱠᱟᱱᱟ ᱾",ᱞᱚᱠᱠᱷᱟ ᱥᱤᱝ ᱟᱜ ᱪᱚᱯᱟᱱ ᱵᱷᱳᱜ ᱵᱷᱚᱡᱚᱱ ᱦᱚᱸ ᱾ | ᱥᱮᱨᱮᱧ ᱠᱟᱹᱨᱤᱜᱚᱞ ᱨᱟᱡᱩ ᱠᱷᱟᱱᱰᱮᱞᱣᱟᱞ ᱩᱱᱤ ᱥᱟᱶ ᱮ ᱛᱟᱸᱦᱮ ᱠᱟᱱᱟ ᱾
public,bench/clips/public/hi/fleurs-hi_00240_1698.wav,21,3,540,2269,489,3298,1546,3477,0,59.1,ब्रह्मांड की सभी वस्तुएँ पदार्थ से बनी हैं सारे पदार्थ सूक्ष्मतम कणों से बने हैं जिन्हें अनु का कहा जाता है,"ᱡᱮᱜᱮᱫ ᱨᱮᱭᱟᱜ ᱥᱟᱱᱟᱢ ᱡᱤᱱᱤᱥ ᱜᱮ ᱡᱤᱱᱤᱥ ᱛᱮ ᱵᱮᱱᱟᱣ ᱟᱠᱟᱱᱟ, ᱥᱟᱱᱟᱢ ᱡᱤᱱᱤᱥ ᱫᱚ ᱦᱩᱰᱤᱧ ᱠᱷᱚᱱ ᱦᱩᱰᱤᱧ ᱠᱟᱹᱴᱤᱠᱟ ᱛᱮ ᱵᱮᱱᱟᱣ ᱦᱩᱭ ᱟᱠᱟᱱᱟ ᱡᱟᱦᱟᱸ ᱫᱚ ᱚᱱᱩ ᱨᱮᱭᱟᱜ ᱧᱩᱛᱩᱢ ᱛᱮ ᱩᱯᱨᱩᱢᱟ ᱾",ᱡᱮᱜᱮᱫ ᱨᱮᱭᱟᱜ ᱥᱟᱱᱟᱢ ᱟᱭᱩᱢᱟᱹᱱ ᱜᱮ ᱡᱤᱱᱤᱥ ᱛᱮ ᱵᱮᱱᱟᱣ ᱟᱠᱟᱱᱟ ᱾ | ᱥᱟᱱᱟᱢ ᱩᱯᱟᱹᱭ ᱫᱚ ᱦᱩᱰᱤᱧ ᱠᱷᱚᱱ ᱦᱩᱰᱤᱧ ᱠᱟᱹᱴᱤᱠᱟ ᱛᱮ ᱵᱮᱱᱟᱣ ᱟᱠᱟᱱᱟ ᱾ | ᱡᱟᱦᱟᱸᱭ ᱠᱚ ᱚᱱᱩ ᱠᱟ ᱠᱚ ᱢᱮᱱᱚᱜᱼᱟ ᱾
public,bench/clips/public/hi/fleurs-hi_00247_1770.wav,20,3,934,2092,327,3353,2042,3542,0,83.5,यह तर्क संगत लग रहा है क्योंकि ऐसा महसूस नहीं होता है कि पृथ्वी चल रही है है कि नहीं,ᱱᱚᱶᱟ ᱞᱟᱹᱞᱤᱥ ᱫᱚ ᱡᱳᱜᱟᱡᱳᱜ ᱟᱱᱟᱜ ᱢᱮᱱᱛᱮ ᱢᱚᱱᱮ ᱦᱩᱭᱩᱜ ᱠᱟᱱᱟ ᱪᱮᱫᱟᱜ ᱥᱮ ᱡᱮᱜᱮᱫ ᱪᱟᱞᱟᱣᱚᱜ ᱠᱟᱱᱟ ᱥᱮ ᱵᱟᱝ ᱚᱱᱟ ᱵᱟᱝ ᱢᱚᱱᱮ ᱦᱩᱭᱩᱜ ᱟ ᱾,ᱱᱚᱶᱟ ᱞᱟᱹᱞᱤᱥ ᱫᱚ ᱡᱳᱜᱟᱡᱳᱜ ᱟᱱᱟᱜ ᱢᱮᱱᱛᱮ ᱢᱚᱱᱮ ᱦᱩᱭᱩᱜ ᱠᱟᱱᱟ ᱾ | ᱪᱮᱫᱟᱜ ᱥᱮ ᱱᱚᱶᱟ ᱫᱚ ᱵᱟᱝ ᱢᱚᱱᱮ ᱦᱩᱭᱩᱜ ᱠᱟᱱᱟ ᱾ | ᱡᱮ ᱡᱮᱜᱮᱫ ᱪᱟᱞᱟᱣᱚᱜ ᱠᱟᱱᱟ ᱥᱮ ᱵᱟᱝ ᱾
public,bench/clips/public/hi/fleurs-hi_00251_1687.wav,17,2,842,1894,336,3072,1783,2706,0,54.9,अलगाव और पुनर्सयोजन भिन्नता प्रत्येक पीढ़ी के साथ दो पुलों के बीच आगे पीछे होती रहती है,ᱵᱷᱮᱜᱟᱨ ᱟᱨ ᱨᱤᱼᱠᱳᱥᱴᱚᱢᱵᱷᱮᱥᱚᱱ ᱨᱮᱭᱟᱜ ᱵᱷᱮᱜᱟᱨ ᱫᱚ ᱡᱚᱛᱚ ᱡᱟᱱᱟᱢ ᱥᱟᱶ ᱥᱟᱶᱛᱮ ᱵᱟᱨᱭᱟ ᱰᱩᱵᱟᱹ ᱢᱩᱫᱨᱮ ᱛᱟᱭᱚᱢ ᱛᱟᱭᱚᱢ ᱦᱳᱭᱳᱜᱼᱟ ᱾,ᱥᱟᱱᱟᱢ ᱡᱟᱱᱟᱢ ᱥᱟᱶ ᱵᱷᱮᱜᱟᱨ ᱟᱨ ᱨᱤᱼᱥᱤᱴᱤᱝ ᱨᱮᱭᱟᱜ ᱵᱷᱮᱜᱟᱨ ᱾ | ᱵᱟᱨᱭᱟ ᱰᱩᱵᱟᱹ ᱢᱩᱫ ᱨᱮ ᱛᱟᱭᱚᱢ ᱛᱟᱭᱚᱢ ᱪᱟᱞᱟᱣᱚᱜ ᱠᱟᱱᱟ ᱾
public,bench/clips/public/hi/fleurs-hi_00253_1844.wav,17,3,760,1760,301,2821,1300,2674,0,62.2,चांद की सतह चट्टानों और धूल से बनी है चांद की बाहरी परत को कृष््ट कहते हैं,"ᱪᱚᱱᱫᱨ ᱨᱮᱭᱟᱜ ᱚᱛ ᱫᱚ ᱫᱷᱤᱨᱤ ᱟᱨ ᱚᱛᱚᱢ ᱛᱮ ᱵᱮᱱᱟᱣ ᱟᱠᱟᱱᱟ, ᱪᱚᱱᱫᱨᱚᱱ ᱨᱮᱭᱟᱜ ᱵᱤᱞᱟᱹᱛ ᱚᱛ ᱫᱚ ᱠᱨᱤᱥᱴ ᱠᱚ ᱢᱮᱱᱚᱜᱼᱟ ᱾",ᱪᱚᱱᱫᱨ ᱨᱮᱭᱟᱜ ᱚᱛ ᱨᱮᱭᱟᱜ ᱫᱷᱤᱨᱤ ᱾ | ᱟᱨ ᱚᱛᱚᱢ ᱠᱷᱚᱱ ᱵᱮᱱᱟᱣ ᱟᱠᱟᱱᱟ ᱪᱚᱱᱫᱨᱚᱜ ᱾ | ᱵᱤᱞᱟᱹᱛ ᱨᱮᱭᱟᱜ ᱯᱚᱨᱤᱢᱟᱱ ᱫᱚ ᱠᱨᱤᱥᱴ ᱠᱚ ᱢᱮᱱᱚᱜᱼᱟ ᱾
public,bench/clips/public/hi/fleurs-hi_00268_1846.wav,25,4,495,2397,491,3383,1783,3981,0,52.6,इस प्रारूप सबसे सरल पूर्ण संख्या अनुपात प्राप्त करने के लिए बारह से भाग देना क्या अभिमुखता अनुपात को इसलिए तीन बिलंबों कहा जाता है,ᱱᱚᱶᱟ ᱯᱷᱚᱨᱢᱮᱴ ᱫᱚ ᱦᱩᱭᱩᱜ ᱠᱟᱱᱟ ᱡᱚᱛᱚ ᱠᱷᱚᱱ ᱥᱟᱫᱷᱟᱨᱚᱱ ᱜᱚᱴᱟ ᱮᱞ ᱨᱮᱭᱟᱜ ᱦᱟᱹᱴᱤᱧ ᱧᱟᱢ ᱞᱟᱹᱜᱤᱫ ᱵᱟᱨ ᱠᱷᱚᱱ ᱵᱟᱨ ᱦᱟᱹᱴᱤᱧ ᱠᱚᱨᱟᱣ ᱡᱟᱦᱟᱸᱛᱮ ᱥᱮᱪ ᱨᱮᱭᱟᱜ ᱦᱟᱹᱴᱤᱧ ᱫᱚ ᱯᱮᱭᱟ ᱵᱤᱞᱚᱢ ᱠᱚ ᱢᱮᱱᱚᱜᱼᱟ ᱾,ᱱᱚᱶᱟ ᱯᱷᱚᱨᱢᱮᱴ ᱫᱚ ᱡᱚᱛᱚ ᱠᱷᱚᱱ ᱥᱟᱫᱷᱟᱨᱚᱱ ᱜᱚᱴᱟ ᱮᱞ ᱨᱮᱭᱟᱜ ᱚᱱᱩᱢᱟᱹᱱ ᱮ ᱧᱟᱢ ᱟᱠᱟᱫᱟ ᱾ | ᱵᱟᱨ ᱠᱷᱚᱱ ᱵᱟᱨ ᱫᱷᱟᱹᱵᱤᱡ ᱾ | ᱥᱮᱭᱟᱨ ᱮᱢ ᱦᱩᱭᱩᱜ ᱠᱟᱱᱟ ᱥᱮ ᱥᱮᱭᱟᱨ ᱨᱮᱭᱟᱜ ᱯᱚᱨᱤᱢᱟᱱ ᱾ | ᱚᱱᱟᱛᱮ ᱯᱮᱭᱟ ᱵᱤᱞᱚᱢ ᱞᱟᱹᱭ ᱦᱳᱭᱳᱜᱼᱟ ᱾
public,bench/clips/public/hi/fleurs-hi_00282_2006.wav,18,3,739,2357,367,3464,1716,3137,0,65.7,कैल्शियम और पोटैशियम जैसे तत्त्वों को धातु माना जाता है बेशक चांदी और सोने जैसी धातुए भी हैं,"ᱠᱮᱞᱥᱤᱭᱟᱢ ᱟᱨ ᱯᱮᱴᱟᱥᱤᱭᱟᱢ ᱞᱮᱠᱟᱱ ᱟᱭᱴᱮᱢ ᱠᱚ ᱢᱮᱛᱟᱞ ᱢᱮᱱᱛᱮ ᱢᱚᱱᱮ ᱦᱩᱭᱩᱜ ᱠᱟᱱᱟ, ᱚᱱᱟ ᱥᱟᱶ ᱥᱟᱶᱛᱮ ᱨᱩᱯᱟᱹ ᱟᱨ ᱥᱳᱱᱟ ᱞᱮᱠᱟᱱ ᱢᱮᱛᱟᱞ ᱦᱚᱸ ᱾",ᱠᱮᱞᱥᱤᱭᱟᱢ ᱟᱨ ᱯᱮᱴᱟᱥᱤᱭᱟᱢ ᱞᱮᱠᱟᱱ ᱟᱭᱴᱮᱢ ᱠᱚ ᱾ | ᱢᱮᱛᱟᱞ ᱫᱚ ᱦᱩᱭᱩᱜ ᱠᱟᱱᱟ ᱨᱩᱯᱟᱹ ᱾ | ᱟᱨ ᱥᱳᱱᱟ ᱞᱮᱠᱟᱱ ᱢᱮᱛᱟᱞ ᱦᱚᱸ ᱢᱮᱱᱟᱜᱼᱟ ᱾
public,bench/clips/public/hi/fleurs-hi_00286_1994.wav,21,3,1020,2440,407,3867,1786,3612,0,63.1,य कहने की कोई जरूरत नहीं है कि यदि आप रोमांस लैंग्वेज जानते हैं तो आपके लिए पुर्तगाली सीखना आसान होगा,"ᱟᱢ ᱡᱩᱫᱤ ᱨᱳᱱᱚᱥ ᱯᱟᱹᱨᱥᱤᱢ ᱵᱟᱰᱟᱭᱚᱜᱼᱟ, ᱮᱱᱠᱷᱟᱱ ᱯᱳᱨᱴᱩᱡᱤᱡ ᱥᱮᱪ ᱠᱚᱨᱟᱣ ᱟᱢ ᱞᱟᱹᱜᱤᱫ ᱟᱞᱜᱟ ᱦᱳᱭᱳᱜᱼᱟ, ᱱᱚᱶᱟ ᱞᱟᱹᱭ ᱨᱮᱭᱟᱜ ᱞᱟᱹᱠᱛᱤ ᱵᱟᱝ ᱢᱮᱱᱟᱜᱼᱟ ᱾",ᱤᱭᱟᱭ ᱞᱟᱹᱭ ᱨᱮᱭᱟᱜ ᱞᱟᱹᱠᱛᱤ ᱵᱟᱝ ᱢᱮᱱᱟᱜᱼᱟ ᱾ | ᱟᱢ ᱡᱩᱫᱤ ᱨᱳᱱᱚᱢ ᱯᱟᱹᱨᱥᱤ ᱮ ᱵᱟᱰᱟᱭᱚᱜᱼᱟ ᱾ | ᱚᱱᱟᱛᱮ ᱟᱢ ᱞᱟᱹᱜᱤᱫ ᱯᱳᱨᱴᱩᱡᱤᱡ ᱥᱮᱪ ᱠᱚᱨᱟᱣ ᱫᱚ ᱟᱞᱜᱟ ᱦᱩᱭᱩᱜᱼᱟ ᱾
public,bench/clips/public/hi/fleurs-hi_00293_1851.wav,21,3,835,2477,647,3959,1928,3356,0,49.8,चीरधाराएं समुद्र तट पर लगाकर लौटने वाली लहरों का प्रवाह होता है अक्सर एक चट्टान या इसी तरह के पदार्थों पर,ᱞᱟᱹᱞᱤᱥ ᱨᱮᱭᱟᱜ ᱞᱟᱹᱞᱥ ᱫᱚ ᱦᱩᱭᱩᱜ ᱠᱟᱱᱟ ᱥᱩᱨ ᱨᱮ ᱞᱟᱹᱞش ᱠᱟᱛᱮ ᱨᱩᱣᱟᱹᱲ ᱦᱮᱡ ᱟᱠᱟᱱ ᱞᱟᱹᱞିସ ᱨᱮᱭᱟᱜ ᱞᱚᱫᱚᱢ ᱡᱟᱦᱟᱸ ᱫᱚ ᱡᱟᱣᱜᱮ ᱢᱤᱫᱴᱟᱝ ᱫᱷᱤᱨᱤ ᱥᱮ ᱚᱱᱟ ᱞᱮᱠᱟᱱ ᱩᱯᱟᱹᱭ ᱪᱮᱛᱟᱱ ᱨᱮ ᱪᱟᱞᱟᱣᱚᱜᱼᱟ ᱾,ꯁꯃꯨꯗ ꯭ ꯔ ᱥᱩᱨ ᱨᱮ ᱜᱷᱟᱹᱞ ᱠᱟᱛᱮ ᱨᱩᱣᱟᱹᱲ ᱦᱮᱡ ᱟᱠᱟᱱ ᱞᱟᱹᱞᱤᱥᱠᱚ ᱾ | ᱯᱷᱚᱞᱳ ᱫᱚ ᱡᱟᱣᱜᱮ ᱢᱤᱫᱴᱟᱝ ᱫᱷᱤᱨᱤ ᱾ | ᱵᱟᱝᱠᱷᱟᱱ ᱚᱱᱟ ᱞᱮᱠᱟᱱ ᱩᱯᱟᱹᱭ ᱪᱮᱛᱟᱱ ᱨᱮ ᱾
public,bench/clips/public/hi/fleurs-hi_00294_1661.wav,23,4,804,1862,435,3101,1364,3421,0,69.6,यह कहते हुए कि वे चीन के आर्थिक उत्पादन के आधार पर बनाए जाएंगे उन्होंने कटौती के लिए कोई आंकड़ा निर्धारित नहीं किया,ᱪᱤᱱ ᱨᱮᱭᱟᱜ ᱠᱟᱹᱣᱰᱤ ᱟᱹᱨᱤ ᱵᱮᱱᱟᱣ ᱪᱮᱛᱟᱱ ᱴᱮᱦᱟᱴ ᱠᱟᱛᱮ ᱱᱚᱶᱟ ᱠᱚ ᱵᱮᱱᱟᱣ ᱦᱩᱭᱩᱜᱼᱟ ᱢᱮᱱᱛᱮ ᱞᱟᱹᱭ ᱠᱟᱛᱮ ᱩᱱᱤ ᱫᱚ ᱠᱚᱢ ᱞᱟᱹᱜᱤᱫ ᱡᱟᱦᱟᱱ ᱞᱮᱠᱷᱟ ᱵᱟᱝ ᱮᱢ ᱞᱮᱫᱟᱭ ᱾,"ᱞᱟᱹᱭ ᱞᱮᱫᱟᱭ ᱡᱮ, ᱩᱱᱠᱩ ᱫᱚ | ᱪᱤᱱ ᱨᱮᱭᱟᱜ ᱠᱟᱹᱣᱰᱤ ᱟᱹᱨᱤ ᱵᱮᱱᱟᱣ ᱪᱮᱛᱟᱱ ᱴᱮᱦᱟᱴ ᱠᱟᱛᱮ ᱾ | ᱠᱚᱢ ᱞᱟᱹᱜᱤᱫ ᱩᱱᱠᱩ ᱠᱚ ᱵᱮᱱᱟᱣ ᱦᱩᱭᱩᱜᱼᱟ ᱾ | ᱡᱟᱦᱟᱱ ᱞᱮᱠᱷᱟ ᱵᱟᱝ ᱮᱢ ᱦᱩᱭ ᱟᱠᱟᱱᱟ ᱾"
public,bench/clips/public/hi/fleurs-hi_00295_1691.wav,23,3,692,2006,471,3169,1744,3228,0,87.0,चुनिंदा रूट पर बड़ी कंपनियों के खुद के विमान हैं लेकिन अन्य रूट पर और छोटे फर्म के लिए यह एक समस्या है,ᱵᱟᱪᱷᱱᱟᱣ ᱰᱟᱦᱟᱨ ᱨᱮ ᱢᱟᱨᱟᱝ ᱠᱳᱢᱯᱟᱱᱤ ᱠᱚᱣᱟᱜ ᱟᱡᱟᱜ ᱵᱤᱨᱚᱛᱚᱛᱚᱛᱛᱚ ᱢᱮᱱᱟᱜᱼᱟ ᱢᱮᱱᱠᱷᱟᱱ ᱮᱴᱟᱜ ᱰᱟᱦᱟᱨ ᱨᱮ ᱟᱨ ᱦᱩᱰᱤᱧ ᱯᱷᱟᱨᱢ ᱠᱚ ᱞᱟᱹᱜᱤᱫ ᱱᱚᱶᱟ ᱫᱚ ᱢᱤᱫᱴᱟᱝ ᱟᱱᱟᱴ ᱠᱟᱱᱟ ᱾,ᱵᱟᱪᱷᱱᱟᱣ ᱰᱟᱦᱟᱨ ᱨᱮ ᱢᱟᱨᱟᱝ ᱠᱳᱢᱯᱟᱱᱤ ᱠᱚᱣᱟᱜ ᱟᱡᱟᱜ ᱵᱤᱨᱚᱛᱚᱛᱛᱚ ᱢᱮᱱᱟᱜᱼᱟ ᱾ | ᱢᱮᱱᱠᱷᱟᱱ ᱮᱴᱟᱜ ᱮᱴᱟᱜ ᱰᱟᱦᱟᱨ ᱨᱮ ᱾ | ᱟᱨ ᱦᱩᱰᱤᱧ ᱯᱷᱟᱨᱢ ᱞᱟᱹᱜᱤᱫ ᱱᱚᱶᱟ ᱫᱚ ᱢᱤᱫᱴᱟᱝ ᱟᱱᱟᱴ ᱠᱟᱱᱟ ᱾
public,bench/clips/public/hi/fleurs-hi_00303_1821.wav,14,2,947,1918,334,3199,2070,2721,0,55.0,मस्तिष्क विकृति और व्यवहार के बीच संबं्ध अनुसंधन में वैज्ञानिकों का समर्थन करते हैं,ᱢᱚᱱ ᱨᱮᱭᱟᱜ ᱵᱮᱼᱲᱤᱪᱟᱹᱨ ᱟᱨ ᱵᱮᱣᱦᱟᱨ ᱢᱩᱫ ᱨᱮ ᱡᱳᱜᱟᱡᱳᱜ ᱛᱚᱞᱟᱥ ᱨᱮ ᱵᱤᱨᱟᱹᱫᱟᱹᱞᱤ ᱠᱚᱣᱟᱜ ᱜᱚᱲᱚ ᱠᱚ ᱮᱢᱼᱟ ᱾,ᱢᱮᱨᱮᱱ ᱰᱤᱥᱚᱨᱴᱮᱥᱚᱱ ᱟᱨ ᱵᱮᱶᱦᱟᱨ ᱢᱩᱫᱨᱮ ᱡᱳᱜᱟᱡᱳᱜ ᱾ | ᱛᱚᱞᱟᱥ ᱨᱮ ᱵᱤᱨᱟᱹᱫᱟᱹᱞᱤ ᱠᱚᱣᱟᱜ ᱜᱚᱲᱚ ᱾
public,bench/clips/public/hi/fleurs-hi_00306_1871.wav,11,2,713,1520,244,2476,1731,2592,0,88.7,मध्य पूर्व की गर्म जलवायु में घर उतना जरूरी नहीं था,ᱢᱚᱫᱚᱞ ᱯᱩᱨᱵᱚ ᱨᱮᱭᱟᱜ ᱜᱳᱨᱟᱢ ᱦᱚᱭᱦᱩᱫᱥᱤᱫ ᱨᱮ ᱚᱲᱟᱜ ᱫᱚ ᱚᱱᱟ ᱞᱮᱠᱟ ᱵᱟᱝ ᱛᱟᱦᱮᱸ ᱠᱟᱱᱟ ᱾,ᱢᱚᱫᱚᱞ ᱯᱩᱨᱵᱚ ᱨᱮᱭᱟᱜ ᱜᱳᱨᱟᱢ ᱦᱚᱭᱦᱩᱫᱥᱤᱫ ᱨᱮ ᱾ | ᱚᱲᱟᱜ ᱫᱚ ᱚᱱᱟ ᱞᱮᱠᱟ ᱞᱟᱹᱠᱛᱤ ᱵᱟᱝ ᱛᱟᱦᱮᱸ ᱠᱟᱱᱟ ᱾
public,bench/clips/public/hi/fleurs-hi_00313_1728.wav,13,2,781,2099,257,3137,2274,3230,0,69.1,गोभी का जूस अमलीय या आधारभूत रसायन के आधार पर रंग बदलता है,ᱠᱟᱵᱟᱡᱤ ᱨᱮᱭᱟᱜ ᱡᱩᱥ ᱫᱚ ᱚᱥᱤᱠᱟᱞ ᱥᱮ ᱵᱮᱹᱥᱰ ᱠᱤᱢᱤᱠᱮᱞ ᱪᱮᱛᱟᱱ ᱴᱮᱦᱟᱴ ᱠᱟᱛᱮ ꯃꯆꯨ ᱵᱚᱱᱚᱫᱚᱞᱚᱜᱼᱟ ᱾,ᱠᱟᱵᱟᱡᱤ ᱨᱮᱭᱟᱜ ᱡᱩᱥ ᱫᱚ ᱦᱩᱭᱩᱜ ᱠᱟᱱᱟ ᱵᱮᱼᱵᱟᱹᱛᱤᱞ ᱥᱮ ᱵᱮᱼᱵᱮᱹᱥᱰ ᱾ | ᱨᱚᱥᱤᱭᱟᱱᱟᱜ ᱪᱮᱛᱟᱱ ᱴᱮᱦᱟᱴ ᱠᱟᱛᱮ ꯃꯆꯨ ᱵᱚᱱᱚᱫᱚᱞᱚᱜᱼᱟ ᱾
public,bench/clips/public/hi/fleurs-hi_00326_1976.wav,16,3,700,2342,421,3463,1575,3565,0,49.0,मध्यक्रम के बल्लेबा सचिन तेंदुलकर और राहुल द्रविड़ ने अच्छा प्रदर्शन किया और सतकीय साझेदारी बनाई,ᱛᱟᱞᱟᱼᱠᱳᱟᱨᱰ ᱨᱮᱱ ᱵᱮᱴᱥᱢᱮᱱ ᱥᱟᱪᱤᱱ ᱴᱮᱱᱰᱩᱞᱠᱚᱨ ᱟᱨ ᱨᱟᱡᱩᱞ ᱫᱨᱟᱵᱤᱰ ᱟᱹᱰᱤ ᱱᱟᱯᱟᱭ ᱮ ᱩᱫᱩᱜ ᱥᱚᱫᱚᱨ ᱞᱮᱫᱟ ᱟᱨ ᱢᱤᱫ ᱱᱟᱯᱟᱭ ᱦᱟᱹᱴᱤᱧ ᱮ ᱵᱮᱱᱟᱣ ᱞᱮᱫᱟ ᱾,ᱛᱟᱞᱟ ᱚᱰᱟᱨ ᱵᱮᱴᱥᱢᱮᱱ ᱥᱟᱪᱤᱱ ᱴᱮᱱᱰᱩᱞᱠᱚᱨ ᱾ | ᱟᱨ ᱨᱟᱡᱩᱞ ᱫᱨᱟᱵᱤᱰ ᱟᱹᱰᱤ ᱱᱟᱯᱟᱭ ᱮ ᱠᱚᱨᱟᱣ ᱟᱠᱟᱫᱟ ᱾ | ᱟᱨ ᱢᱤᱫᱴᱟᱝ ᱥᱟᱼᱥᱟᱼᱥᱟ -ᱥᱟᱼᱣᱟᱼᱥᱟ ᱾
public,bench/clips/public/hi/fleurs-hi_00327_1910.wav,14,2,777,1439,274,2489,1406,2773,0,88.1,ऐसा माना जाता है कि पेरिस की निवासी अहंकारी असभ्य और अभिमानी होते हैं,ᱢᱚᱱᱮ ᱦᱩᱭᱩᱜ ᱠᱟᱱᱟ ᱡᱮ ᱯᱮᱨᱤᱥ ᱨᱮᱱ ᱦᱚᱲᱠᱚ ᱫᱚ ᱚᱵᱷᱟᱵᱽ ᱟᱱ ᱟᱨ ᱚᱵᱷᱟᱵ ᱟᱱ ᱾,ᱢᱚᱱᱮ ᱦᱩᱭᱩᱜ ᱠᱟᱱᱟ ᱱᱚᱶᱟ ᱫᱚ ᱦᱩᱭᱩᱜ ᱠᱟᱱᱟ ᱾ | ᱱᱚᱶᱟ ᱫᱚ ᱦᱩᱭᱩᱜ ᱠᱟᱱᱟ ᱡᱮ ᱯᱮᱨᱤᱥ ᱨᱮᱱ ᱦᱚᱲᱠᱚ ᱫᱚ ᱚᱵᱷᱟᱵᱽ ᱟᱱ ᱟᱨ ᱚᱵᱷᱟᱵ ᱟᱱ ᱾
public,bench/clips/public/hi/fleurs-hi_00336_1791.wav,13,2,633,1558,251,2443,1566,2261,0,77.0,चीजों पर कुछ बनाकर या खरोच कर इस जगह को नुकसान न पहुंचाए,ᱡᱤᱱᱤᱥ ᱠᱚ ᱪᱮᱛᱟᱱ ᱨᱮ ᱠᱤᱪᱷᱩ ᱵᱮᱱᱟᱣ ᱥᱮ ᱠᱷᱚᱨᱟᱪ ᱠᱟᱛᱮ ᱱᱚᱶᱟ ᱴᱷᱟᱶ ᱫᱚ ᱵᱟᱝ ᱜᱷᱟᱹᱞ ᱢᱮ ᱾,ᱡᱤᱱᱤᱥ ᱠᱚ ᱪᱮᱛᱟᱱ ᱨᱮ ᱠᱤᱪᱷᱩ ᱵᱮᱱᱟᱣ ᱥᱮ ᱠᱷᱚᱨᱟᱪ ᱢᱮ ᱾ | ᱠᱚᱨ ᱱᱚᱶᱟ ᱴᱷᱟᱶ ᱫᱚ ᱵᱟᱝ ᱦᱟᱹᱱᱼᱟ ᱾
public,bench/clips/public/hi/fleurs-hi_00343_1860.wav,13,2,648,1572,378,2597,1462,2855,0,77.6,राज्यपाल के कार्यालय ने बताया कि घायलों में से उन्नीस पुलिस अधिकारी थे,"ᱯᱚᱱᱚᱛ ᱥᱟᱥᱚᱱᱤᱭᱟᱹ ᱟᱜ ᱠᱟᱹᱢᱤ ᱚᱲᱟᱜ ᱨᱮ ᱵᱟᱰᱟᱭ ᱧᱟᱢ ᱟᱠᱟᱱᱟ ᱡᱮ, ᱜᱷᱟᱹᱞ ᱟᱠᱟᱱ ᱦᱚᱲ ᱠᱚ ᱢᱩᱫᱨᱮ 19 ᱦᱚᱲ ᱯᱩᱞᱤᱥ ᱚᱯᱷᱤᱥᱟᱨ ᱾",ᱯᱚᱱᱚᱛ ᱥᱟᱥᱚᱱᱤᱭᱟᱹ ᱟᱜ ᱠᱟᱹᱢᱤ ᱚᱲᱟᱜ ᱨᱮ ᱵᱟᱰᱟᱭ ᱧᱟᱢ ᱟᱠᱟᱱᱟ ᱾ | ᱚᱱᱟ ᱫᱚ ᱦᱩᱭᱩᱜ ᱠᱟᱱᱟ ᱡᱮ ᱜᱷᱟᱹᱞ ᱟᱠᱟᱱ ᱦᱚᱲ ᱠᱚ ᱢᱩᱫᱽᱨᱮ ᱜᱮᱞ ᱜᱮᱞ ᱦᱚᱲ ᱯᱩᱞᱤᱥ ᱚᱯᱷᱤᱥᱟᱨ ᱠᱚ ᱛᱟᱦᱮᱸ ᱠᱟᱱᱟ ᱾
public,bench/clips/public/hi/fleurs-hi_00349_1692.wav,17,2,738,2369,20,3127,2101,2643,0,85.5,जापान की परमाणु एजेंसी के अनुसार प्लांट में रेडियोधर्मी सीजियम और आयोडीन की पहचान की गई है,"ᱡᱚᱯᱚᱱ ᱨᱮᱭᱟᱜ ᱱᱤᱭᱩᱠᱞᱤᱭᱟᱨ ᱮᱡᱮᱱᱥᱤ ᱟᱜ ᱠᱟᱛᱷᱟ ᱞᱮᱠᱟᱛᱮ, پلانᱴ ᱨᱮ ᱨᱮᱰᱤᱣᱳᱭᱮᱴᱤᱠ ᱥᱤᱡᱤᱭᱟᱢ ᱟᱨ ᱟᱭᱳᱰᱤᱱ ᱪᱤᱱᱦᱟᱹ ᱦᱩᱭ ᱟᱠᱟᱱᱟ ᱾","ᱡᱚᱯᱚᱱ ᱨᱮᱭᱟᱜ ᱱᱤᱭᱩᱠᱞᱤᱭᱟᱨ ᱮᱡᱮᱱᱥᱤ ᱞᱮᱠᱟᱛᱮ, پلانᱴ ᱨᱮ ᱨᱮᱰᱤᱣᱳᱭᱮᱴᱤᱠ ᱥᱤᱡᱤᱭᱟᱢ ᱢᱮᱱᱟᱜᱼᱟ ᱾ | ᱟᱨ ᱟᱭᱳᱰᱤᱱ ᱪᱤᱱᱦᱟᱹ ᱦᱩᱭ ᱟᱠᱟᱱᱟ ᱾"
public,bench/clips/public/hi/fleurs-hi_00352_1840.wav,29,4,462,2319,483,3263,1156,3609,0,74.1,इटली के कई अन्य शहरों और दुनिया के बाकी हिस्सों में खासकर पोलैंड में इस तरह के सेटअप बनाए गए थे जिन्हें बड़ी संख्या में लोग देखने आते थे,"ᱛᱚᱛᱮᱹᱞᱤ ᱨᱮᱭᱟᱜ ᱮᱴᱟᱜ ᱟᱭᱢᱟ ᱥᱟᱦᱟᱨ ᱟᱨ ᱡᱮᱜᱮᱫ ᱨᱮᱭᱟᱜ ᱮᱴᱟᱜ ᱦᱤᱸᱥ ᱨᱮ, ᱢᱩᱲᱩᱫ ᱞᱮᱠᱟᱛᱮ ᱯᱳᱞᱮᱱᱰ ᱨᱮ, ᱟᱹᱰᱤ ᱜᱟᱱ ᱦᱚᱲ ᱠᱚ ᱧᱮᱞ ᱞᱟᱹᱜᱤᱫ ᱱᱚᱶᱟ ᱞᱮᱠᱟᱱ ᱥᱮᱴᱚᱯ ᱠᱚ ᱵᱮᱱᱟᱣ ᱞᱮᱫᱟ ᱾","ᱛᱚᱛᱮᱹᱞᱤ ᱨᱮᱭᱟᱜ ᱮᱴᱟᱜ ᱟᱭᱢᱟ ᱥᱟᱦᱟᱨ ᱾ | ᱟᱨ ᱡᱮᱜᱮᱫ ᱨᱮᱭᱟᱜ ᱮᱴᱟᱜ ᱦᱤᱸᱥ ᱨᱮ, ᱢᱩᱲᱩᱫ ᱞᱮᱠᱟᱛᱮ ᱾ | ᱯᱳᱞᱮᱱᱰ ᱨᱮ ᱱᱚᱶᱟ ᱞᱮᱠᱟᱱ ᱥᱮᱴᱚᱯ ᱵᱮᱱᱟᱣ ᱦᱩᱭ ᱞᱮᱱᱟ ᱾ | ᱡᱟᱦᱟᱸᱭ ᱠᱚ ᱟᱭᱢᱟ ᱦᱚᱲ ᱠᱚ ᱧᱮᱞ ᱞᱟᱹᱜᱤᱫ ᱠᱚ ᱦᱮᱡ ᱞᱮᱱᱟ ᱾"
public,bench/clips/public/hi/fleurs-hi_00354_1947.wav,23,4,838,1715,332,2884,1666,3976,0,44.2,टुकड़ियों के पहुंचने से पहले अठारह सौ के दशक से हैती का कभी भी बीमारियों से जुड़ी समस्याओं से सामना नहीं हुआ था,ᱜᱮᱞ ᱜᱮᱞ ᱜᱮᱞ ᱥᱮᱨᱢᱟ ᱠᱷᱚᱱ ᱦᱟᱭᱴᱤ ᱫᱚ ᱡᱟᱦᱟᱱ ᱨᱳᱜᱽ ᱥᱟᱞᱟᱜ ᱡᱳᱜᱟᱡᱳᱜ ᱨᱮᱭᱟᱜ ᱟᱱᱟᱴ ᱵᱟᱝ ᱧᱮᱞ ᱟᱠᱟᱱᱟ ᱾,ᱜᱟᱫᱮᱞ ᱠᱚ ᱥᱮᱴᱮᱨ ᱢᱟᱲᱟᱝ ᱜᱮᱞ ᱜᱮᱞ ᱜᱮᱞ ᱦᱚᱲ ᱾ | ᱥᱟᱭ ᱨᱮᱭᱟᱜ ᱜᱮᱞᱟᱝ ᱠᱷᱚᱱ ᱦᱟᱭᱴᱤ ᱨᱮᱭᱟᱜ ᱾ | ᱡᱟᱦᱟᱸ ᱚᱠᱛᱮ ᱜᱮ ᱨᱳᱜᱽ ᱥᱟᱞᱟᱜ ᱥᱮᱞᱮᱫ ᱛᱟᱦᱮᱸᱱᱟ ᱾ | ᱟᱱᱟᱴ ᱠᱚ ᱥᱟᱢᱟᱝ ᱫᱟᱯᱨᱟᱢ ᱵᱟᱝ ᱦᱩᱭ ᱟᱠᱟᱱᱟ ᱾
public,bench/clips/public/hi/fleurs-hi_00359_1839.wav,12,2,841,1254,194,2290,1672,2457,0,53.1,स्कींग मार्ग को एक हाइकिंग लंबी पैदल यात्रा मार्ग जैसा ही सोचें,ᱥᱠᱤᱭᱤᱝ ᱰᱟᱦᱟᱨ ᱫᱚ ᱦᱟᱭᱠᱤᱝ ᱦᱟᱭᱠᱤᱝ ᱰᱟᱦᱟᱨ ᱞᱮᱠᱟ ᱩᱭᱦᱟᱹᱨ ᱢᱮ ᱾,ᱥᱠᱤᱭᱤᱝ ᱰᱟᱦᱟᱨ ᱨᱮ ᱢᱤᱫᱴᱟᱝ ᱦᱟᱭᱠᱤᱝ ᱞᱮᱝ ᱾ | ᱢᱤᱫ ᱞᱮᱠᱟᱱ ᱪᱟᱞᱟᱣᱟᱱ ᱰᱟᱦᱟᱨ ᱩᱭᱦᱟᱹᱨ ᱢᱮ ᱾
public,bench/clips/public/hi/fleurs-hi_00360_1750.wav,14,2,709,1341,270,2321,1489,2344,0,93.3,यह खोज पक्षियों में पंखों के विकास की पूरी जानकारी भी प्रदान करती है,ᱱᱚᱶᱟ ᱛᱚᱞᱟᱥ ᱫᱚ ꯎꯆꯦꯛ ᱠᱚ ᱢᱩᱫᱨᱮ ᱰᱟᱹᱧ ᱨᱮᱭᱟᱜ ᱩᱛᱱᱟᱹᱣ ᱨᱮᱭᱟᱜ ᱥᱟᱱᱟᱢ ᱰᱚᱜᱚᱨ ᱮ ᱮᱢ ᱟᱠᱟᱫᱟ ᱾,ᱱᱚᱶᱟ ᱛᱚᱞᱟᱥ ᱫᱚ ꯎꯆꯦꯛ ᱠᱚ ᱢᱩᱫᱨᱮ ᱰᱟᱹᱧ ᱨᱮᱭᱟᱜ ᱾ | ᱱᱚᱶᱟ ᱫᱚ ᱩᱛᱱᱟᱹᱣ ᱨᱮᱭᱟᱜ ᱥᱟᱱᱟᱢ ᱰᱚᱜᱚᱨ ᱮ ᱮᱢ ᱟᱠᱟᱫᱟ ᱾
public,bench/clips/public/hi/fleurs-hi_00362_1772.wav,18,3,910,1507,277,2695,1419,2625,0,74.2,इसलिए यह माना जा रहा है कि नोटेशन को सिर्फ एक लेबल के रूप में जोड़ा गया था,ᱚᱱᱟᱛᱮ ᱢᱚᱱᱮ ᱦᱩᱭᱩᱜ ᱠᱟᱱᱟ ᱡᱮ ᱱᱳᱴᱮᱥᱚᱱ ᱫᱚ ᱥᱩᱢᱩᱝ ᱢᱤᱫᱴᱟᱝ ᱞᱮᱵᱮᱞ ᱞᱮᱠᱟᱛᱮ ᱥᱮᱞᱮᱫ ᱦᱩᱭ ᱟᱠᱟᱱᱟ ᱾,ᱚᱱᱟᱛᱮ ᱱᱚᱶᱟ ᱫᱚ ᱢᱚᱱᱮ ᱦᱩᱭᱩᱜ ᱠᱟᱱᱟ ᱾ | ᱱᱚᱶᱟ ᱱᱳᱴᱮᱥᱚᱱ ᱫᱚ ᱥᱩᱢᱩᱝ ᱢᱤᱫᱴᱟᱝ ᱾ | ᱞᱮᱵᱮᱞ ᱞᱮᱠᱟᱛᱮ ᱥᱮᱞᱮᱫ ᱦᱩᱭ ᱞᱮᱱᱟ ᱾
public,bench/clips/public/hi/fleurs-hi_00364_1817.wav,16,2,753,1334,250,2337,1606,2415,0,65.4,हालांकि शेंगन ज़ोन इस मामले में एक हद तक एक देश की तरह काम करता है,ᱮᱱᱦᱚᱸ ᱥᱮᱝᱜᱚᱱ ᱴᱚᱴᱷᱟ ᱫᱚ ᱱᱚᱶᱟ ᱴᱷᱟᱶ ᱨᱮ ᱢᱤᱫ ᱫᱤᱥᱚᱢ ᱞᱮᱠᱟ ᱠᱟᱹᱢᱤ ᱟᱠᱟᱫᱟᱭ ᱾,ᱮᱱᱦᱚᱸ ᱥᱮᱝᱜᱚᱱ ᱴᱚᱴᱷᱟ ᱱᱚᱶᱟ ᱴᱷᱟᱶ ᱨᱮ ᱢᱤᱫᱴᱟᱝ ᱾ | ᱯᱚᱨᱤᱢᱟᱱ ᱞᱮᱠᱟᱛᱮ ᱢᱤᱫᱴᱟᱝ ᱫᱤᱥᱚᱢ ᱞᱮᱠᱟ ᱠᱟᱹᱢᱤᱼᱟ ᱾
public,bench/clips/public/hi/fleurs-hi_00367_1876.wav,21,3,832,1770,343,2945,2169,3150,0,71.2,उत्तरी मैरिएनस इमरजेंसी प्रबंधन कार्यालय की ओर से कहा गया कि राष्ट्र में नुकसान की कोई सूचना प्राप्त नहीं हुई है,ᱩᱛᱛᱚᱨ ᱢᱮᱨᱤᱱᱟᱥ ᱮᱢᱟᱨᱡᱮᱱᱥ ᱢᱮᱱᱮᱡᱢᱮᱱᱴ ᱚᱯᱷᱤᱥ ᱞᱟᱹᱭ ᱟᱠᱟᱫᱟ ᱡᱮ ᱫᱤᱥᱚᱢ ᱨᱮ ᱡᱟᱦᱟᱱ ᱦᱟᱹᱱ ᱨᱮᱭᱟᱜ ᱰᱚᱜᱚᱨ ᱵᱟᱝ ᱧᱟᱢ ᱟᱠᱟᱱᱟ ᱾,ᱩᱛᱛᱚᱨ ᱢᱮᱨᱤᱱᱟᱥ ᱮᱢᱟᱨᱡᱮᱱᱥ ᱢᱮᱱᱮᱡᱢᱮᱱᱴ ᱚᱯᱷᱤᱥ ᱴᱷᱮᱱ ᱠᱷᱚᱱ ᱞᱟᱹᱭ ᱟᱠᱟᱱᱟ ᱾ | ᱡᱟᱦᱟᱸ ᱫᱚ ᱫᱤᱥᱚᱢ ᱨᱮᱭᱟᱜ ᱦᱟᱹᱱ ᱾ | ᱡᱟᱦᱟᱱ ᱰᱚᱜᱚᱨ ᱵᱟᱝ ᱧᱟᱢ ᱟᱠᱟᱱᱟ ᱾
public,bench/clips/public/hi/fleurs-hi_00370_1698.wav,20,3,460,1735,316,2511,1251,2889,0,52.5,ब्रह्मांड की सभी वस्तुएं पदार्थ से बनी हैं सारे पदार्थ सूक्ष्म कणों से बने हैं जिन्हें अणु कहा जाता है,"ᱡᱮᱜᱮᱫ ᱨᱮᱭᱟᱜ ᱥᱟᱱᱟᱢ ᱡᱤᱱᱤᱥ ᱜᱮ ᱡᱤᱱᱤᱥ ᱛᱮ ᱵᱮᱱᱟᱣ ᱟᱠᱟᱱᱟ, ᱥᱟᱱᱟᱢ ᱡᱤᱱᱤᱥ ᱫᱚ ᱢᱳᱞᱤᱠᱩᱞ ᱧᱩᱛᱩᱢ ᱛᱮ ᱩᱯᱨᱩᱢᱟ ᱾",ᱡᱮᱜᱮᱫ ᱨᱮᱭᱟᱜ ᱥᱟᱱᱟᱢ ᱟᱭᱩᱢᱟᱹᱱ ᱜᱮ ᱡᱤᱱᱤᱥ ᱛᱮ ᱵᱮᱱᱟᱣ ᱟᱠᱟᱱᱟ ᱾ | ᱥᱟᱱᱟᱢ ᱩᱯᱟᱹᱭ ᱫᱚ ᱦᱩᱰᱤᱧ ᱠᱟᱹᱴᱤᱠᱟ ᱛᱮ ᱵᱮᱱᱟᱣ ᱟᱠᱟᱱᱟ ᱾ | ᱡᱟᱦᱟᱸᱠᱚ ᱢᱳᱞᱤᱠᱩᱞ ᱠᱚ ᱢᱮᱱᱚᱜᱼᱟ ᱾
public,bench/clips/public/hi/fleurs-hi_00372_1945.wav,15,2,720,1494,300,2513,1622,2390,0,49.2,कैसबलंका मोरोको में खरीदारी करने के लिए सबसे कम दिलचस्प थानों में से एक है,ᱠᱟᱥᱵᱟᱞᱟᱝᱠᱟ ᱫᱚ ᱦᱩᱭᱩᱜ ᱠᱟᱱᱟ ᱢᱳᱨᱳᱠᱳ ᱨᱮᱭᱟᱜ ᱡᱚᱛᱚ ᱠᱷᱚᱱ ᱠᱚᱢ ᱱᱟᱯᱟᱭ ᱥᱚᱯᱤᱝ ᱥᱴᱮᱥᱚᱱ ᱠᱚ ᱢᱩᱫᱨᱮ ᱢᱤᱫᱴᱟᱝ ᱾,ᱢᱳᱨᱚᱠᱳ ᱨᱮ ᱠᱤᱨᱤᱧ ᱞᱟᱹᱜᱤᱫ ᱠᱮᱥᱵᱟᱞᱟᱝᱠᱟ ᱾ | ᱡᱚᱛᱚ ᱠᱷᱚᱱ ᱠᱚᱢ ᱱᱟᱯᱟᱭ ᱛᱟᱞᱢᱟ ᱠᱚ ᱢᱩᱫᱨᱮ ᱢᱤᱫᱴᱟᱝ ᱾
public,bench/clips/public/hi/fleurs-hi_00374_1953.wav,14,2,666,1472,274,2412,1662,2543,0,62.8,बाद में उन्हें कैम्ब्रिज में एडेन ब्रुक के अस्पताल में स्थानांतरित कर दिया गया,ᱛᱟᱭᱚᱢᱛᱮ ᱩᱱᱤ ᱠᱮᱢᱵᱨᱤᱡᱽ ᱨᱮᱭᱟᱜ ᱮᱰᱮᱱ ᱵᱨᱚᱠ ᱨᱮᱭᱟᱜ ᱦᱟᱥᱯᱟᱛᱟᱞ ᱨᱮᱭ ᱪᱟᱞᱟᱣ ᱞᱮᱱᱟ ᱾,ᱛᱟᱭᱚᱢᱛᱮ ᱩᱱᱤ ᱠᱮᱢᱵᱨᱤᱡᱽ ᱨᱮ ᱮᱰᱮᱱ ᱨᱮᱭ ᱫᱚᱦᱚ ᱠᱮᱫᱟ ᱾ | ᱵᱨᱚᱠ ᱨᱮᱭᱟᱜ ᱦᱟᱥᱯᱟᱛᱟᱞ ᱨᱮ ᱵᱚᱱᱚᱫᱚᱞ ᱦᱩᱭ ᱟᱠᱟᱱᱟ ᱾
public,bench/clips/public/hi/fleurs-hi_00375_1684.wav,20,3,894,2019,356,3269,1786,3350,0,72.2,आपपिया समोआ की राजधानी है यह शहर उपोलू द्वीप पर है और इसकी आबादी चालीस हजार से भी कम है,ᱟᱢᱯᱤᱭᱟ ᱫᱚ ᱥᱟᱢᱳᱭᱟ ᱨᱮᱭᱟᱜ ᱨᱟᱡᱽᱜᱟᱲ ᱥᱟᱦᱟᱨ ᱫᱚ ᱦᱩᱭᱩᱜ ᱠᱟᱱᱟ ᱟᱢᱯᱳᱞᱩ ᱰᱷᱤᱯ ᱨᱮ ᱟᱨ ᱱᱚᱶᱟ ᱨᱮᱭᱟᱜ ᱦᱚᱲ ᱞᱮᱠᱷᱟ 40 ᱜᱚᱴᱟᱝ ᱠᱷᱚᱱ ᱠᱚᱢ ᱾,ᱟᱢᱯᱤᱭᱟ ᱫᱚ ᱦᱩᱭᱩᱜ ᱠᱟᱱᱟ ᱥᱟᱢᱳᱭᱟ ᱨᱮᱭᱟᱜ ᱨᱟᱡᱽᱜᱟᱲ ᱾ | ᱥᱟᱦᱟᱨ ᱫᱚ ᱚᱯᱳᱞᱩ ᱰᱷᱤᱯ ᱨᱮ ᱢᱮᱱᱟᱜᱼᱟ ᱾ | ᱟᱨ ᱱᱚᱶᱟ ᱨᱮᱭᱟᱜ ᱦᱚᱲ ᱞᱮᱠᱷᱟ 40k ᱠᱷᱚᱱ ᱦᱚᱸ ᱠᱚᱢ ᱾
public,bench/clips/public/hi/fleurs-hi_00376_1944.wav,23,3,788,1888,422,3099,2011,3542,0,62.1,ये कभी कभी पारिवारिक भीड़ भाड़ वाले समुद्र तट है जहाँ किनारों पर कई दुकानों की एक अच्छी श्रृंखला है तैरना सुरक्षित है,ᱱᱚᱶᱟ ᱫᱚ ᱠᱤᱪᱷᱩ ᱚᱠᱛᱚ ᱨᱮ ᱜᱷᱟᱨᱚᱸᱡᱽ ᱨᱮᱭᱟᱜ ᱟᱹᱰᱤ ᱰᱷᱮᱨ ᱞᱟᱹᱞᱤᱥᱟᱱ ᱵᱤᱪ ᱡᱟᱦᱟᱸ ᱨᱮᱭᱟᱜ ᱥᱩᱨ ᱨᱮ ᱟᱭᱢᱟ ᱫᱳᱠᱟᱱ ᱢᱮᱱᱟᱜᱼᱟ ᱡᱟᱦᱟᱸ ᱫᱚ ᱥᱩᱢᱮᱫ ᱞᱟᱹᱜᱤᱫ ᱱᱟᱯᱟᱭ ᱠᱟᱱᱟ ᱾,ᱱᱚᱶᱟ ᱫᱚ ᱠᱤᱪᱷᱩ ᱚᱠᱛᱚ ᱨᱮ ᱜᱷᱟᱨᱚᱸᱡᱽ ᱨᱮᱭᱟᱜ ᱦᱚᱲ ᱠᱚ ᱞᱟᱹᱜᱤᱫ ꯁꯃꯨꯗ ꯭ ꯔ ᱥᱩᱨ ᱾ | ᱡᱟᱦᱟᱸ ᱨᱮ ᱥᱩᱨ ᱨᱮ ᱟᱭᱢᱟ ᱫᱳᱠᱟᱱ ᱢᱮᱱᱟᱜᱼᱟ ᱾ | ᱢᱤᱫᱴᱟᱝ ᱱᱟᱯᱟᱭ ᱪᱤᱱ ᱢᱮᱱᱟᱜᱼᱟ ᱥᱩᱢᱮᱫ ᱞᱟᱹᱜᱤᱫ ᱱᱟᱯᱟᱭ ᱾
public,bench/clips/public/hi/fleurs-hi_00377_1799.wav,15,2,843,1751,338,2931,1875,2720,0,84.5,बुधवार के आयोजन के बाद कारपनेडो ने चैंपियनशिप में दो इंडिविजुअल्स रेस में हिस्सा लिया,"ᱵᱳᱢᱫᱥᱩᱢ ᱢᱟᱦᱟ ᱨᱮᱭᱟᱜ ᱟᱠᱷᱲᱟ ᱛᱟᱭᱚᱢ, ᱠᱟᱨᱯᱟᱱᱰᱳ ᱪᱟᱢᱯᱤᱭᱚᱱᱥᱤᱯ ᱨᱮ ᱵᱟᱨᱭᱟ ᱵᱷᱮᱜᱟᱨ ᱨᱮᱥ ᱨᱮᱭ ᱥᱮᱞᱮᱫ ᱞᱮᱱᱟ ᱾",ᱵᱳᱢᱫᱥᱩᱢ ᱢᱟᱦᱟ ᱨᱮᱭᱟᱜ ᱟᱠᱷᱲᱟ ᱛᱟᱭᱚᱢ ᱠᱟᱨᱯᱟᱱᱰᱳ ᱾ | ᱪᱟᱢᱯᱤᱭᱚᱱᱥᱤᱯ ᱨᱮ ᱵᱟᱨᱭᱟ ᱵᱷᱮᱜᱟᱨ ᱨᱮᱥ ᱨᱮ ᱥᱮᱞᱮᱫ ᱞᱮᱱᱟ ᱾
public,bench/clips/public/hi/fleurs-hi_00381_1854.wav,17,2,751,1411,245,2407,1858,2769,0,58.6,वाहन को उसी दिन तकरीबन बारह सौ जीएमटी के समय पर दुर्घटनास्थल से दूर ले जाया गया,ᱚᱱᱟ ᱫᱤᱱ ᱜᱮ 12 ᱥᱟᱭ ᱡᱤ ᱮᱢ ᱴᱤ ᱚᱠᱛᱚ ᱨᱮ ᱜᱟᱹᱰᱤ ᱫᱚ ᱜᱷᱟᱹᱞ ᱴᱷᱟᱶ ᱠᱷᱚᱱ ᱨᱩᱣᱟᱹᱲ ᱦᱟᱛᱟᱣ ᱦᱩᱭ ᱞᱮᱱᱟ ᱾,ᱚᱱᱟ ᱫᱤᱱ ᱜᱮ ᱜᱟᱹᱰᱤ ᱫᱚ ᱚᱱᱢᱟᱱ ᱵᱟᱨ ᱥᱟᱭ ᱡᱤ ᱮᱢ ᱴᱤ ᱨᱮ ᱪᱟᱞᱟᱣ ᱞᱮᱱᱟ ᱾ | ᱚᱠᱛᱚ ᱞᱮᱠᱟᱛᱮ ᱜᱷᱟᱹᱞ ᱴᱷᱟᱶ ᱠᱷᱚᱱ ᱵᱚᱱᱚᱫᱚᱞ ᱦᱩᱭ ᱞᱮᱱᱟ ᱾
public,bench/clips/public/hi/fleurs-hi_00389_1746.wav,14,2,846,2062,359,3267,2157,2888,0,39.6,पौधे फोटोसिंथेसिस द्वारा सूर्य से अपना भोजन बनाते हैं वह छाया भी देते हैं,"ᱯᱷᱳᱴᱳᱥᱤᱱᱛᱷᱤᱥᱤᱥ ᱛᱟᱞᱟᱛᱮ ᱚᱛᱢᱚᱱ ᱠᱚᱫᱚ ᱥᱩᱨᱡᱚ ᱠᱷᱚᱱ ᱩᱱᱠᱩᱭᱟᱜ ᱡᱚᱢᱟᱜ ᱠᱚ ᱵᱮᱱᱟᱣᱼᱟ, ᱚᱱᱟ ᱫᱚ ᱚᱱᱟ ᱥᱟᱫᱟ ᱦᱚᱸ ᱮᱢᱼᱟ ᱾",ᱚᱛᱢᱚᱱ ᱨᱮᱭᱟᱜ ᱯᱷᱳᱴᱳᱥᱤᱱᱛᱷᱤᱥᱤᱥ ᱫᱟᱨᱟᱭ ᱛᱮ ᱥᱩᱨᱡᱚ ᱠᱷᱚᱱ ᱟᱢᱟᱜ ᱡᱚᱢᱟᱜ ᱾ | ᱩᱱᱤ ᱫᱚ ᱥᱳᱭᱫᱟ ᱦᱚᱸ ᱮᱢ ᱞᱮᱫᱟᱭ ᱾
public,bench/clips/public/hi/fleurs-hi_00391_1897.wav,15,2,911,1699,314,2925,1847,2949,0,72.8,उत्तर में यह क्षेत्र साहिल और दिण और पश्चिम में अटलांटिक महासागर से गिरा है,ᱩᱛᱛᱚᱨ ᱨᱮ ᱱᱚᱶᱟ ᱴᱚᱴᱷᱟ ᱫᱚ ᱥᱟᱦᱤᱞ ᱟᱨ ᱰᱤᱱ ᱟᱨ ᱯᱚᱪᱷᱤᱢ ᱨᱮ ᱮᱱᱴᱚᱞᱮᱴᱤᱠ ᱥᱟᱹᱢᱩᱫ ᱠᱷᱚᱱ ᱞᱟᱛᱟᱨ ᱨᱮ ᱢᱮᱱᱟᱜᱼᱟ ᱾,ᱩᱛᱛᱚᱨ ᱨᱮ ᱱᱚᱶᱟ ᱴᱚᱴᱷᱟ ᱫᱚ ᱦᱩᱭᱩᱜ ᱠᱟᱱᱟ ᱥᱟᱦᱤᱞ ᱟᱨ ᱰᱤᱱ ᱾ | ᱟᱨ ᱯᱚᱪᱷᱤᱢ ᱨᱮ ᱮᱱᱴᱚᱞᱮᱴᱤᱠ ᱥᱟᱹᱢᱩᱫ ᱠᱷᱚᱱ ᱰᱟᱣᱩᱱᱞ ᱟᱠᱟᱱᱟ ᱾
public,bench/clips/public/hi/fleurs-hi_00394_1977.wav,23,4,766,2012,472,3250,1457,3345,0,61.4,शेरों का समूह वयस्कनर के साथ साथ तीस से ज्यादा मादा और शावकों के साथ एक से तीन तक का बना होता है,"ᱥᱤᱝ ᱠᱚᱣᱟᱜ ᱜᱟᱫᱮᱞ ᱫᱚ ᱢᱤᱫ ᱠᱷᱚᱱ ᱯᱮᱭᱟ ᱫᱷᱟᱹᱵᱤᱡ ᱵᱮᱱᱟᱣ ᱟᱠᱟᱱᱟ, ᱡᱟᱦᱟᱸ ᱢᱩᱫᱨᱮ ᱯᱮ ᱜᱚᱴᱟᱝ ᱠᱷᱚᱱ ᱦᱚᱸ ᱡᱟᱹᱥᱛᱤ ᱛᱤᱨᱞᱟᱹ ᱟᱨ ᱜᱤᱫᱽᱨᱟᱹ ᱥᱟᱶ ᱢᱟᱨᱟᱝ ᱠᱚᱲᱟ ᱠᱚ ᱢᱮᱱᱟᱜ ᱠᱚᱣᱟ ᱾",ᱢᱟᱨᱟᱝ ᱦᱚᱲ ᱠᱚ ᱥᱟᱶ ᱥᱤᱝ ᱠᱚᱣᱟᱜ ᱜᱟᱫᱮᱞ ᱾ | ᱯᱮ ᱜᱚᱴᱟᱝ ᱠᱷᱚᱱ ᱦᱚᱸ ᱡᱟᱹᱥᱛᱤ ᱛᱤᱨᱞᱟᱹ ᱾ | ᱟᱨ ᱜᱤᱫᱽᱨᱟᱹ ᱠᱚ ᱥᱟᱶ ᱢᱤᱫ ᱦᱚᱲ ᱴᱷᱮᱱ ᱠᱷᱚᱱ ᱾ | ᱯᱮᱭᱟ ᱫᱷᱟᱹᱵᱤᱡ ᱵᱮᱱᱟᱣ ᱟᱠᱟᱱᱟ ᱾
public,bench/clips/public/hi/fleurs-hi_00401_1913.wav,23,3,855,1983,325,3164,1881,3554,0,49.7,बाग की दहाड़ किसी शेर की तेज़ आवाज़ वाली दहाड़ की तरह नहीं होती है लेकिन उसकी भदी हुई चिल्लाने जैसी होती हैं,"ᱵᱟᱜᱣᱟᱱ ᱨᱮᱭᱟᱜ ᱜᱷᱩᱨᱩᱢ ᱫᱚ ᱢᱤᱫᱴᱟᱝ ᱥᱤᱝ ᱟᱜ ᱜᱳᱨᱟᱢ ᱞᱮᱠᱟ ᱵᱟᱝ ᱠᱟᱱᱟ, ᱢᱮᱱᱠᱷᱟᱱ ᱱᱚᱶᱟ ᱨᱮᱭᱟᱜ ᱜᱳᱨᱚᱢ ᱞᱮᱠᱟᱱ ᱞᱳᱨᱟᱢ ᱾",ᱵᱟᱜᱣᱟᱱ ᱨᱮᱭᱟᱜ ᱜᱷᱩᱨᱩᱢ ᱫᱚ ᱢᱤᱫ ᱥᱮᱦᱩᱱ ᱟᱜ ᱜᱟᱹᱨᱰᱩ ᱾ | ᱥᱮᱨᱮᱧ ᱨᱮᱭᱟᱜ ᱜᱳᱨᱥ ᱞᱮᱠᱟ ᱵᱟᱝ ᱠᱟᱱᱟ ᱾ | ᱢᱮᱱᱠᱷᱟᱱ ᱩᱱᱤᱭᱟᱜ ᱞᱟᱹᱞᱤᱥ ᱫᱚ ᱦᱩᱭᱩᱜ ᱠᱟᱱᱟ ᱞᱟᱹᱞᱥᱚᱜ ᱞᱮᱠᱟ ᱾
public,bench/clips/public/hi/fleurs-hi_00410_1737.wav,13,2,762,1487,271,2520,1595,2527,0,89.9,शेर फ्राइड नामक बड़े समूहों में रहने वाली सबसे बड़ी सामाजिक ब्िया हैं,ᱥᱮᱨ ᱯᱷᱨᱟᱭᱰ ᱧᱩᱛᱩᱢ ᱛᱮ ᱢᱟᱨᱟᱝ ᱜᱟᱫᱮᱞ ᱨᱮ ᱛᱟᱦᱮᱸᱱ ᱢᱟᱨᱟᱝ ᱥᱟᱶᱛᱟᱹᱨᱤ ᱵᱤᱭᱟ ᱠᱚ ᱦᱩᱭᱩᱜ ᱠᱟᱱᱟ ᱾,ᱥᱮᱨ ᱯᱷᱨᱟᱭᱰ ᱧᱩᱛᱩᱢ ᱛᱮ ᱢᱟᱨᱟᱝ ᱜᱟᱫᱮᱞ ᱨᱮ ᱾ | ᱛᱟᱦᱮᱸᱱ ᱨᱮᱭᱟᱜ ᱢᱟᱨᱟᱝ ᱥᱟᱶᱛᱟᱹᱨᱤ ᱵᱤᱭᱟ ᱠᱚ ᱦᱩᱭᱩᱜ ᱠᱟᱱᱟ ᱾
public,bench/clips/public/hi/fleurs-hi_00413_1975.wav,20,3,853,1830,382,3065,2021,3317,0,66.6,वेटिकन सिटी की जनसंख्या लगभग आठ सौ है ये विश्व का सबसे कम जनसंख्या वाला सबसे छोटा स्वतंत्र राष्ट्र है,"ᱵᱷᱮᱴᱤᱠᱮᱱ ᱥᱟᱦᱟᱨ ᱨᱮᱭᱟᱜ ᱦᱚᱲ ᱞᱮᱠᱷᱟ ᱟᱭᱢᱟᱜᱟᱱ 8 ᱥᱟᱭ, ᱱᱚᱶᱟ ᱫᱚ ᱡᱮᱜᱮᱫ ᱨᱮᱭᱟᱜ ᱦᱩᱰᱤᱧ ᱦᱚᱲ ᱞᱮᱠᱷᱟ ᱟᱱ ᱯᱷᱩᱨᱜᱟᱹᱞ ᱫᱤᱥᱚᱢ ᱾",ᱵᱷᱮᱴᱤᱠᱮᱱ ᱥᱟᱦᱟᱨ ᱨᱮᱭᱟᱜ ᱦᱚᱲ ᱞᱮᱠᱷᱟ ᱟᱭᱢᱟᱜᱟᱱ ᱟᱭᱢᱟᱹᱜᱟᱱ ᱟᱭ ᱾ | ᱡᱮᱜᱮᱫ ᱨᱮᱭᱟᱜ ᱡᱚᱛᱚ ᱠᱷᱚᱱ ᱠᱚᱢ ᱦᱚᱲ ᱞᱮᱠᱷᱟ ᱾ | ᱦᱩᱰᱤᱧ ᱫᱤᱥᱚᱢ ᱫᱚ ᱦᱩᱭᱩᱜ ᱠᱟᱱᱟ ᱯᱷᱩᱨᱜᱟᱹᱞ ᱫᱤᱥᱚᱢ ᱾
public,bench/clips/public/hi/fleurs-hi_00414_1943.wav,19,3,732,2398,556,3686,2138,5650,0,53.4,जितनी कम चिंता उतनी ज्यादा सकारात्मक जीवन ऊर्जा का संचार हर इंसान परम शांति और संतोष पा सकता है,"ᱡᱟᱦᱟᱸ ᱠᱚᱢ ᱩᱭᱦᱟᱹᱨᱼᱵᱩᱫᱤᱥ ᱦᱳᱭᱳᱜᱼᱟ, ᱚᱱᱟ ᱠᱷᱚᱱ ᱦᱚᱸ ᱰᱷᱮᱨ ᱱᱟᱯᱟᱭ ᱡᱤᱭᱚᱱ ᱫᱟᱲᱮ ᱯᱟᱥᱱᱟᱣ ᱦᱳᱭᱳᱹᱭᱟᱜᱼᱟ, ᱡᱟᱦᱟᱸᱛᱮ ᱥᱟᱱᱟᱢ ᱦᱚᱲ ᱜᱮ ᱢᱩᱪᱟᱹᱫ ᱥᱩᱛᱚᱱᱛᱤ ᱟᱨ ᱥᱳᱯᱨᱳᱫᱽ ᱧᱟᱢ ᱫᱟᱲᱮᱭᱟᱜᱼᱟ ᱾","ᱡᱟᱦᱟᱸ ᱠᱚᱢ ᱩᱭᱦᱟᱹᱨᱼᱵᱩᱫᱤᱥ ᱦᱳᱭᱳᱜᱼᱟ, ᱚᱱᱟ ᱠᱷᱚᱱ ᱦᱚᱸ ᱡᱟᱹᱥᱛᱤ ᱱᱟᱯᱟᱭ ᱡᱤᱭᱚᱱ ᱾ | ᱥᱟᱱᱟᱢ ᱦᱚᱲ ᱜᱮ ᱥᱟᱱᱟᱢ ᱦᱚᱲ ᱠᱚ ᱞᱟᱹᱜᱤᱫ ᱥᱟᱱᱟᱢ ᱦᱚᱲ ᱠᱚᱣᱟᱜ ᱥᱟᱱᱟᱢ ᱦᱚᱲ ᱞᱟᱹᱜᱤᱫ ᱥᱟᱱᱟᱢ ᱦᱚᱲᱟᱜ ᱥᱟᱱᱟᱢ ᱦᱚᱲ ᱦᱚᱲ ᱠᱚ ᱴᱷᱮᱱ ᱥᱟᱱᱟᱢ ᱦᱚᱲ ᱴᱷᱮᱱ ᱠᱷᱚᱱ ᱥᱟᱱᱟᱢ ᱦᱚᱲᱠᱚ ᱴᱷᱮᱱ ᱠᱷᱚᱱ ᱡᱚᱛᱚ ᱦᱚᱲ ᱠᱚ ᱢᱩᱫᱨᱮ ᱡᱚᱛᱚ ᱦᱚᱲ ᱴᱷᱮᱱ ᱴᱷᱮᱱ ᱠᱷᱚᱱ ᱥᱚᱨᱮᱥ ᱦᱚᱲ | ᱟᱨ ᱥᱳᱯᱨᱳᱫᱽ ᱧᱟᱢ ᱫᱟᱲᱮᱭᱟᱜᱼᱟ ᱾"
lesson,bench/clips/synthetic/hi/hi_01.webm,8,1,537,1096,161,1793,1216,1216,0,100.0,आज हम एक से दस तक गिनना सीखेंगे,ᱛᱮᱦᱮᱧ ᱟᱢ ᱢᱤᱫ ᱠᱷᱚᱱ ᱜᱮᱞ ᱫᱷᱟᱹᱵᱤᱡ ᱞᱮᱠᱷᱟ ᱥᱮᱪ ᱢᱮ ᱾,ᱛᱮᱦᱮᱧ ᱟᱢ ᱢᱤᱫ ᱠᱷᱚᱱ ᱜᱮᱞ ᱫᱷᱟᱹᱵᱤᱡ ᱞᱮᱠᱷᱟ ᱥᱮᱪ ᱢᱮ ᱾
lesson,bench/clips/synthetic/hi/hi_02.webm,7,1,190,1034,178,1402,893,893,0,100.0,अपनी उँंगलियाँ दिखाओ और मेरे साथ गिनो,ᱟᱢᱟᱜ ᱛᱤ ᱩᱫᱩᱜᱟᱹᱧ ᱢᱮ ᱟᱨ ᱤᱧ ᱥᱟᱶ ᱥᱮᱨᱮᱧ ᱢᱮ ᱾,ᱟᱢᱟᱜ ᱛᱤ ᱩᱫᱩᱜᱟᱹᱧ ᱢᱮ ᱟᱨ ᱤᱧ ᱥᱟᱶ ᱥᱮᱨᱮᱧ ᱢᱮ ᱾
lesson,bench/clips/synthetic/hi/hi_03.webm,8,1,220,852,157,1228,746,746,0,100.0,अब तुम्हारे सामने पाँच पत्थर हैं उन्हें गििन,ᱱᱤᱛ ᱟᱢ ᱴᱷᱮᱱ ᱢᱚᱬᱮ ᱜᱚᱴᱟᱝ ᱫᱷᱤᱨᱤ ᱢᱮᱱᱟᱜᱼᱟ ᱾,ᱱᱤᱛ ᱟᱢ ᱴᱷᱮᱱ ᱢᱚᱬᱮ ᱜᱚᱴᱟᱝ ᱫᱷᱤᱨᱤ ᱢᱮᱱᱟᱜᱼᱟ ᱾
lesson,bench/clips/synthetic/hi/hi_04.webm,5,1,184,1017,171,1371,842,842,0,100.0,यहाँ कितने पत्थर हैं बताओ,ᱞᱟᱹᱭ ᱢᱮ ᱱᱚᱶᱟ ᱨᱮ ᱛᱤᱱᱟᱹᱜ ᱜᱟᱱ ᱫᱷᱤᱨᱤ ᱢᱮᱱᱟᱜᱼᱟ ᱾,ᱞᱟᱹᱭ ᱢᱮ ᱱᱚᱶᱟ ᱨᱮ ᱛᱤᱱᱟᱹᱜ ᱜᱟᱱ ᱫᱷᱤᱨᱤ ᱢᱮᱱᱟᱜᱼᱟ ᱾
lesson,bench/clips/synthetic/hi/hi_05.webm,7,1,183,1136,204,1523,946,946,0,100.0,यह गोल है यह एक वृत्त है,"ᱱᱚᱶᱟ ᱫᱚ ᱦᱩᱭᱩᱜ ᱠᱟᱱᱟ ᱢᱤᱫᱴᱟᱝ ᱜᱳᱞ, ᱱᱚᱶᱟ ᱫᱚ ᱢᱤᱫᱴᱟᱝ ᱜᱳᱞ ᱾","ᱱᱚᱶᱟ ᱫᱚ ᱦᱩᱭᱩᱜ ᱠᱟᱱᱟ ᱢᱤᱫᱴᱟᱝ ᱜᱳᱞ, ᱱᱚᱶᱟ ᱫᱚ ᱢᱤᱫᱴᱟᱝ ᱜᱳᱞ ᱾"
lesson,bench/clips/synthetic/hi/hi_06.webm,7,1,210,1200,259,1669,1107,1107,0,100.0,यह चौकोर है इसके चार कोने हैं,"ᱱᱚᱶᱟ ᱫᱚ ᱵᱚᱨᱜᱚ ᱴᱚᱴᱷᱟ ᱨᱮ ᱢᱮᱱᱟᱜᱼᱟ, ᱱᱚᱶᱟ ᱨᱮᱭᱟᱜ ᱯᱳᱱ ᱠᱳᱱᱟ ᱢᱮᱱᱟᱜᱼᱟ ᱾","ᱱᱚᱶᱟ ᱫᱚ ᱵᱚᱨᱜᱚ ᱴᱚᱴᱷᱟ ᱨᱮ ᱢᱮᱱᱟᱜᱼᱟ, ᱱᱚᱶᱟ ᱨᱮᱭᱟᱜ ᱯᱳᱱ ᱠᱳᱱᱟ ᱢᱮᱱᱟᱜᱼᱟ ᱾"
lesson,bench/clips/synthetic/hi/hi_07.webm,5,1,184,927,139,1250,866,866,0,100.0,अपने आसपास गोद चीज़ें ढूंढो,ᱟᱢᱟᱜ ᱥᱳᱨᱥᱳᱯᱳᱨ ᱡᱤᱱᱤᱥ ᱠᱚ ᱛᱚᱞᱟᱥ ᱢᱮ ᱾,ᱟᱢᱟᱜ ᱥᱳᱨᱥᱳᱯᱳᱨ ᱡᱤᱱᱤᱥ ᱠᱚ ᱛᱚᱞᱟᱥ ᱢᱮ ᱾
lesson,bench/clips/synthetic/hi/hi_08.webm,5,1,148,770,93,1011,507,507,0,100.0,यह कौन सा आकार है,ᱱᱚᱶᱟ ᱫᱚ ᱪᱮᱫ ᱞᱮᱠᱟᱱ ᱾,ᱱᱚᱶᱟ ᱫᱚ ᱪᱮᱫ ᱞᱮᱠᱟᱱ ᱾
lesson,bench/clips/synthetic/hi/hi_09.webm,8,1,273,1152,202,1627,1183,1183,0,100.0,आज हम जोड़ना सीखेंगे एक और एक मिलाव,ᱛᱮᱦᱮᱧ ᱟᱢ ᱟᱨᱦᱚᱸ ᱢᱤᱫ ᱡᱳᱜᱟᱡᱳᱜ ᱠᱚᱨᱟᱣ ᱥᱮᱪ ᱢᱮ ᱾,ᱛᱮᱦᱮᱧ ᱟᱢ ᱟᱨᱦᱚᱸ ᱢᱤᱫ ᱡᱳᱜᱟᱡᱳᱜ ᱠᱚᱨᱟᱣ ᱥᱮᱪ ᱢᱮ ᱾
lesson,bench/clips/synthetic/hi/hi_10.webm,9,1,236,1153,198,1587,1098,1098,0,100.0,दो आम और तीन आम मिलाओ कुल कितने हुए,ᱵᱟᱨᱭᱟ ᱟᱢᱚᱞ ᱟᱨ ᱯᱮᱭᱟ ᱟᱢᱚᱞ ᱥᱮᱞᱮᱫ ᱢᱮ ᱜᱩᱴ ᱛᱤᱱᱟᱹᱜ ᱾,ᱵᱟᱨᱭᱟ ᱟᱢᱚᱞ ᱟᱨ ᱯᱮᱭᱟ ᱟᱢᱚᱞ ᱥᱮᱞᱮᱫ ᱢᱮ ᱜᱩᱴ ᱛᱤᱱᱟᱹᱜ ᱾
lesson,bench/clips/synthetic/hi/hi_11.webm,7,1,164,1225,205,1595,1038,1038,0,100.0,अब तुम एक जोड़ का सवाल बनाओ,ᱱᱤᱛ ᱟᱢ ᱢᱤᱫᱴᱟᱝ ᱡᱳᱜᱟᱡᱳᱜ ᱨᱮᱭᱟᱜ ᱯᱚᱨᱤᱢᱟᱱ ᱵᱮᱱᱟᱣ ᱢᱮ ᱾,ᱱᱤᱛ ᱟᱢ ᱢᱤᱫᱴᱟᱝ ᱡᱳᱜᱟᱡᱳᱜ ᱨᱮᱭᱟᱜ ᱯᱚᱨᱤᱢᱟᱱ ᱵᱮᱱᱟᱣ ᱢᱮ ᱾
lesson,bench/clips/synthetic/hi/hi_12.webm,6,1,160,866,132,1157,670,670,0,100.0,तीन और चार कितने होते हैं,ᱯᱮᱭᱟ ᱟᱨ ᱯᱳᱱ ᱫᱚ ᱪᱮᱫ ᱞᱮᱠᱟ ᱾,ᱯᱮᱭᱟ ᱟᱨ ᱯᱳᱱ ᱫᱚ ᱪᱮᱫ ᱞᱮᱠᱟ ᱾
lesson,bench/clips/synthetic/hi/hi_13.webm,6,1,158,1043,126,1326,773,773,0,100.0,यह शब्द है माँ इसे पढ़ो,ᱱᱚᱶᱟ ᱫᱚ ᱦᱩᱭᱩᱜ ᱠᱟᱱᱟ'ᱟᱭᱳ'ᱥᱟᱵᱟᱫ ᱾,ᱱᱚᱶᱟ ᱫᱚ ᱦᱩᱭᱩᱜ ᱠᱟᱱᱟ'ᱟᱭᱳ'ᱥᱟᱵᱟᱫ ᱾
lesson,bench/clips/synthetic/hi/hi_14.webm,6,1,157,1008,135,1300,781,781,0,100.0,इस शब्द को तीन बार पढ़ो,ᱱᱚᱶᱟ ᱥᱟᱵᱟᱫ ᱫᱚ ᱯᱮ ᱫᱷᱟᱣ ᱯᱟᱲᱦᱟᱣ ᱢᱮ ᱾,ᱱᱚᱶᱟ ᱥᱟᱵᱟᱫ ᱫᱚ ᱯᱮ ᱫᱷᱟᱣ ᱯᱟᱲᱦᱟᱣ ᱢᱮ ᱾
lesson,bench/clips/synthetic/hi/hi_15.webm,6,1,173,1000,184,1357,942,942,0,100.0,यह शब्द क्या है पढ़कर बताओ,ᱱᱚᱶᱟ ᱥᱟᱵᱟᱫ ᱫᱚ ᱪᱮᱫ ᱚᱱᱟ ᱯᱟᱲᱦᱟᱣ ᱠᱟᱛᱮ ᱞᱟᱹᱭ ᱢᱮ ᱾,ᱱᱚᱶᱟ ᱥᱟᱵᱟᱫ ᱫᱚ ᱪᱮᱫ ᱚᱱᱟ ᱯᱟᱲᱦᱟᱣ ᱠᱟᱛᱮ ᱞᱟᱹᱭ ᱢᱮ ᱾
lesson,bench/clips/synthetic/hi/hi_16.webm,9,1,231,1163,183,1577,1051,1051,0,100.0,आज हम घटाना सीखेंगे दस में से तीन घटाओ,ᱛᱮᱦᱮᱧ ᱟᱢ ᱜᱮᱞ ᱜᱚᱴᱟᱝ ᱠᱷᱚᱱ ᱯᱮᱭᱟ ᱠᱚᱢ ᱞᱟᱹᱜᱤᱫ ᱮ ᱥᱮᱪ ᱢᱮ ᱾,ᱛᱮᱦᱮᱧ ᱟᱢ ᱜᱮᱞ ᱜᱚᱴᱟᱝ ᱠᱷᱚᱱ ᱯᱮᱭᱟ ᱠᱚᱢ ᱞᱟᱹᱜᱤᱫ ᱮ ᱥᱮᱪ ᱢᱮ ᱾
lesson,bench/clips/synthetic/hi/hi_17.webm,9,1,245,1439,269,1953,1266,1266,0,100.0,सात पत्थर लो तीन हटा दो अब कितने बचे,"ᱮᱭᱟᱭ ᱜᱚᱴᱟᱝ ᱫᱷᱤᱨᱤ ᱦᱟᱛᱟᱣ ᱢᱮ, ᱯᱮᱭᱟ ᱦᱟᱛᱟᱣ ᱢᱮ ᱟᱨ ᱱᱤᱛ ᱛᱤᱱᱟᱹᱜ ᱜᱟᱱ ᱠᱚ ᱫᱚᱦᱚ ᱫᱟᱲᱮᱭᱟᱜᱼᱟ ᱾","ᱮᱭᱟᱭ ᱜᱚᱴᱟᱝ ᱫᱷᱤᱨᱤ ᱦᱟᱛᱟᱣ ᱢᱮ, ᱯᱮᱭᱟ ᱦᱟᱛᱟᱣ ᱢᱮ ᱟᱨ ᱱᱤᱛ ᱛᱤᱱᱟᱹᱜ ᱜᱟᱱ ᱠᱚ ᱫᱚᱦᱚ ᱫᱟᱲᱮᱭᱟᱜᱼᱟ ᱾"
lesson,bench/clips/synthetic/hi/hi_18.webm,8,1,203,1144,225,1572,1122,1122,0,100.0,आठ में से पाँच घटाओ उत्तर क्या है,8 ᱜᱚᱴᱟᱝ ᱠᱷᱚᱱ 5 ᱜᱚᱴᱟᱝ ᱰᱟᱣᱩᱱᱞᱳ ᱩᱛᱛᱚᱨ ᱪᱮᱫ?,8 ᱜᱚᱴᱟᱝ ᱠᱷᱚᱱ 5 ᱜᱚᱴᱟᱝ ᱰᱟᱣᱩᱱᱞᱳ ᱩᱛᱛᱚᱨ ᱪᱮᱫ?
lesson,bench/clips/synthetic/hi/hi_19.webm,2,1,134,727,95,956,532,532,0,100.0,सुप्रभात बचो,ᱱᱟᱯᱟᱭ ꯑꯌꯨꯛ ᱮ ᱫᱚᱦᱚ ᱢᱮ ᱾,ᱱᱟᱯᱟᱭ ꯑꯌꯨꯛ ᱮ ᱫᱚᱦᱚ ᱢᱮ ᱾
lesson,bench/clips/synthetic/hi/hi_20.webm,6,1,159,801,149,1109,789,789,0,100.0,कृपया अपनी जगह पर बैठ जाओ,ᱫᱟᱭᱟ ᱠᱟᱛᱮ ᱟᱢᱟᱜ ᱴᱷᱟᱶ ᱨᱮ ᱥᱮᱱ ᱢᱮ ᱾,ᱫᱟᱭᱟ ᱠᱟᱛᱮ ᱟᱢᱟᱜ ᱴᱷᱟᱶ ᱨᱮ ᱥᱮᱱ ᱢᱮ ᱾
lesson,bench/clips/synthetic/hi/hi_21.webm,5,1,152,915,127,1194,718,718,0,100.0,मेरी बात ध्यान से सुनो,ᱤᱧᱟᱹᱜ ᱠᱟᱛᱷᱟ ᱩᱭᱦᱟᱹᱨ ᱛᱮ ᱵᱟᱰᱟᱭ ᱢᱮ ᱾,ᱤᱧᱟᱹᱜ ᱠᱟᱛᱷᱟ ᱩᱭᱦᱟᱹᱨ ᱛᱮ ᱵᱟᱰᱟᱭ ᱢᱮ ᱾
lesson,bench/clips/synthetic/hi/hi_22.webm,3,1,118,797,80,995,543,543,0,100.0,शूर मत करो,ᱜᱷᱩᱨᱩᱢ ᱵᱟᱝ ᱢᱮ ᱾,ᱜᱷᱩᱨᱩᱢ ᱵᱟᱝ ᱢᱮ ᱾
lesson,bench/clips/synthetic/hi/hi_23.webm,3,1,138,865,123,1127,694,694,0,100.0,अपना हाथ उठाओ,ᱟᱢᱟᱜ ᱛᱤ ᱪᱮᱛᱟᱱ ᱨᱮ ᱫᱚᱦᱚ ᱢᱮ ᱾,ᱟᱢᱟᱜ ᱛᱤ ᱪᱮᱛᱟᱱ ᱨᱮ ᱫᱚᱦᱚ ᱢᱮ ᱾
lesson,bench/clips/synthetic/hi/hi_24.webm,3,1,163,750,106,1019,572,572,0,100.0,बहुत अच्छा शाबाश,ᱟᱹᱰᱤ ᱱᱟᱯᱟᱭ ᱥᱟᱵᱟᱥ ᱾,ᱟᱹᱰᱤ ᱱᱟᱯᱟᱭ ᱥᱟᱵᱟᱥ ᱾
lesson,bench/clips/synthetic/hi/hi_25.webm,4,1,124,845,136,1106,650,650,0,100.0,बोर्ड पर आकर लिखो,ᱵᱳᱨᱰ ᱨᱮ ᱦᱮᱡ ᱠᱟᱛᱮ ᱚᱞ ᱢᱮ ᱾,ᱵᱳᱨᱰ ᱨᱮ ᱦᱮᱡ ᱠᱟᱛᱮ ᱚᱞ ᱢᱮ ᱾
lesson,bench/clips/synthetic/hi/hi_26.webm,5,1,162,779,136,1078,627,627,0,100.0,तुम्हारा जवाब बिल्कुल सही है,ᱟᱢᱟᱜ ᱩᱛᱛᱚᱨ ᱫᱚ ᱟᱹᱰᱤ ᱱᱟᱯᱟᱭ ᱠᱟᱱᱟ ᱾,ᱟᱢᱟᱜ ᱩᱛᱛᱚᱨ ᱫᱚ ᱟᱹᱰᱤ ᱱᱟᱯᱟᱭ ᱠᱟᱱᱟ ᱾
lesson,bench/clips/synthetic/hi/hi_27.webm,7,1,183,826,141,1151,768,768,0,100.0,यह ग़लत है फिर से कोशिश करो,ᱱᱚᱶᱟ ᱫᱚ ᱵᱟᱝ ᱠᱟᱱᱟ ᱟᱨᱦᱚᱸ ᱵᱤᱰᱟᱹᱣ ᱢᱮ ᱾,ᱱᱚᱶᱟ ᱫᱚ ᱵᱟᱝ ᱠᱟᱱᱟ ᱟᱨᱦᱚᱸ ᱵᱤᱰᱟᱹᱣ ᱢᱮ ᱾
lesson,bench/clips/synthetic/hi/hi_28.webm,3,1,134,904,134,1172,591,591,0,100.0,अपनी किताब खुलो,ᱟᱢᱟᱜ ᱯᱚᱛᱚᱵ ᱫᱚ ᱮᱦᱚᱵ ᱢᱮ ᱾,ᱟᱢᱟᱜ ᱯᱚᱛᱚᱵ ᱫᱚ ᱮᱦᱚᱵ ᱢᱮ ᱾
lesson,bench/clips/synthetic/hi/hi_29.webm,3,1,113,898,124,1135,673,673,0,100.0,पानी पीकर आओ,ᱫᱟᱜᱧᱟᱢ ᱢᱮ ᱟᱨ ᱦᱮᱡ ᱢᱮ ᱾,ᱫᱟᱜᱧᱟᱢ ᱢᱮ ᱟᱨ ᱦᱮᱡ ᱢᱮ ᱾
lesson,bench/clips/synthetic/hi/hi_30.webm,3,1,122,1032,144,1297,791,791,0,100.0,कल फिर मिलेंगे,ᱦᱚᱭᱦᱩᱫᱮ ᱟᱨᱦᱚᱸ ᱧᱮᱞᱧᱟᱢᱚᱜᱼᱟ ᱾,ᱦᱚᱭᱦᱩᱫᱮ ᱟᱨᱦᱚᱸ ᱧᱮᱞᱧᱟᱢᱚᱜᱼᱟ ᱾
